time_s,rx1,rx2
0.0,1.8681144391314232e-06,6.789232636924907e-13
5e-06,2.250598695060586e-06,8.627354588909196e-13
1e-05,2.7092258616676364e-06,1.0954364063498136e-12
1.5e-05,3.2587040994702824e-06,1.389790238891102e-12
2e-05,3.916491656649718e-06,1.7618296245439724e-12
2.5e-05,4.7032931528586475e-06,2.231675901338794e-12
3e-05,5.643641994700809e-06,2.824560644640872e-12
3.5e-05,6.766583235097955e-06,3.5720970363700652e-12
4e-05,8.106473452664987e-06,4.5138607456407985e-12
4.5e-05,9.703916829378466e-06,5.69935396237222e-12
5e-05,1.16068595924635e-05,7.190443325695061e-12
5.5e-05,1.3871868412824403e-05,9.064383458425286e-12
6e-05,1.6565622277513238e-05,1.1417563508939617e-11
6.5e-05,1.9766651845221707e-05,1.4370145545721802e-11
7e-05,2.3567365427452458e-05,1.807180210033423e-11
7.5e-05,2.8076406599023016e-05,2.2708807128736227e-11
8e-05,3.3421395125225566e-05,2.8512791994353778e-11
8.5e-05,3.9752110506014416e-05,3.5771547987807285e-11
9e-05,4.724418609915342e-05,4.4842342066846396e-11
9.5e-05,5.61033916272615e-05,5.6168316157497485e-11
0.0001,6.65705930460926e-05,7.029866639815111e-11
0.000105,7.892749141779042e-05,8.791345182044658e-11
0.00011,9.350325677583481e-05,1.0985406778255652e-10
0.000115,0.00011068218919048744,1.3716064477526366e-10
0.00012,0.0001309125575686805,1.7111790613855797e-10
0.000125,0.00015471678739789987,2.1331134850286206e-10
0.00013,0.00018270319194264894,2.656960080778846e-10
0.000135,0.00021557946762476804,3.3068055822068157e-10
0.00014,0.00025416820379549186,4.1123006571628595e-10
0.000145,0.00029942469019955643,5.109914348321749e-10
0.00015,0.00035245734253642704,6.344464132355246e-10
0.000155,0.0004145511080741084,7.870980506185692e-10
0.00016,0.0004871942597392125,9.756977230783508e-10
0.000165,0.0005721090390076827,1.2085213040352406e-09
0.00017,0.000671286665812166,1.4957048233666742e-09
0.000175,0.0007870272981700077,1.8496520669807898e-09
0.00018,0.0009219855959756295,2.2855290962241804e-09
0.000185,0.0010792226230983382,2.821863689600604e-09
0.00019,0.0012622649103439586,3.4812713220488656e-09
0.000195,0.0014751715997910447,4.291333610286974e-09
0.0002,0.001722610699377553,5.285660297235538e-09
0.000205,0.002009945596324922,6.5051719784433486e-09
0.00021,0.00234333311004149,7.999648070304271e-09
0.000215,0.002729834510603727,9.829593197221143e-09
0.00022,0.0031775410888937356,1.2068485483723805e-08
0.000225,0.0036957160401579073,1.480548247241165e-08
0.00023,0.004294954615390479,1.8148674894901235e-08
0.000235,0.0049873647058412025,2.2228995705167408e-08
0.00024,0.005786770256462812,2.720491211608511e-08
0.000245,0.006708940155666546,3.326805241356813e-08
0.00025,0.007771845522810953,4.06499477040688e-08
0.000255,0.008995948612919063,4.963010223298567e-08
0.00026,0.010404526881749122,6.054564537038808e-08
0.000265,0.012024036105108077,7.380286481616507e-08
0.00027,0.013884516825785585,8.989097521425153e-08
0.000275,0.01602004881129678,1.0939854056038531e-07
0.00028,0.018469258647336565,1.330330441342982e-07
0.000285,0.021275886067032783,1.6164418803188204e-07
0.00029,0.024489415126247076,1.9625160785098418e-07
0.000295,0.028165776881768752,2.380778091635171e-07
0.0003,0.03236813081362485,2.8858727393269553e-07
0.000305,0.037167732856143956,3.4953285028904983e-07
0.00031,0.042644898565943085,4.230107318381501e-07
0.000315,0.048890070659583965,5.115255572799849e-07
0.00032,0.05600500089996108,6.180674225598496e-07
0.000325,0.06410405709899002,7.46202901763401e-07
0.00033,0.07331566683501743,9.001825260645768e-07
0.000335,0.08378391035637549,1.0850675797298686e-06
0.00034,0.09567027605710077,1.3068795470407367e-06
0.000345,0.10915559286598685,1.572776093790475e-06
0.00035,0.12444215488436079,1.8912581028844274e-06
0.000355,0.14175605463919208,2.2724130182015994e-06
0.00036,0.16134974238369104,2.7282005986795523e-06
0.000365,0.18350482997410644,3.272788161927506e-06
0.00037,0.20853515897489283,3.922943522115854e-06
0.000375,0.23679015378992485,4.698495121442387e-06
0.00038,0.26865848177926205,5.622870341907593e-06
0.000385,0.30457204349239664,6.723724691266099e-06
0.00039,0.34501031732233406,8.033676514136356e-06
0.000395,0.3905050840514929,9.591164120412014e-06
0.0004,0.44164555791040444,1.144144478666514e-05
0.000405,0.4990839518925438,1.363775801519764e-05
0.00041,0.5635415061510115,1.6242678778048168e-05
0.000415,0.6358150093316214,1.9329690283648567e-05
0.00042,0.7167838436574652,2.2985010142360802e-05
0.000425,0.8074175854556767,2.73097087412899e-05
0.00043,0.9087841935906077,3.242216424374149e-05
0.000435,1.022058818919472,3.84609049881949e-05
0.00044,1.1485332683966478,4.558789726867913e-05
0.000445,1.2896261577989234,5.3992344636192123e-05
0.00045,1.4468937872031356,6.38950740835745e-05
0.000455,1.6220417732950037,7.555359489046492e-05
0.00046,1.816937472297845,8.926792765017889e-05
0.000465,2.033623226755014,0.0001053873142303811
0.00047,2.274330468552319,0.00012431793430345403
0.000475,2.541494709397261,0.00014653177080642895
0.00048,2.837771448450754,0.00017257678545785446
0.000485,3.166053024903445,0.0002030885864930481
0.00049,3.5294864409722755,0.00023880379432325685
0.000495,3.9314921780320486,0.0002805753371435445
0.0005,4.375784025360672,0.0003293899378976198
0.000505,4.866389937235252,0.00038638808676829756
0.00051,5.407673929838667,0.0004528868298395291
0.000515,6.004359024594973,0.0005304057451363808
0.00052,6.661551239118747,0.0006206965222887671
0.000525,7.384764620913933,0.0007257766120082784
0.00053,8.179947312267842,0.0008479674668718729
0.000535,9.053508627437072,0.0009899379560598012
0.00054,10.012347115195555,0.0011547536042198331
0.000545,11.06387957109995,0.0013459323790804907
0.00055,12.216070954413512,0.001567507834401832
0.000555,13.477465154514773,0.0018241005049569432
0.00056,14.85721654080264,0.0021209985491376523
0.000565,16.365122218603034,0.0024642487431651323
0.00057,18.011654901398977,0.002860759049482737
0.000575,19.80799629686853,0.0033184141114691703
0.00058,21.766070890751106,0.0038462051679167743
0.000585,23.898579998512716,0.0044543760345819245
0.00059,26.219035940189148,0.005154586967363029
0.000595,28.74179617871158,0.005960098403146124
0.0006,31.482097246523406,0.006885976770941832
0.000605,34.45608826946123,0.00794932477849025
0.00061,37.68086388077578,0.00916953880890147
0.000615,41.174496301914665,0.010568596308993651
0.00062,44.95606635037747,0.012171376316627925
0.000625,49.04569311870796,0.014006016559340279
0.00063,53.46456205263337,0.01610431086170822
0.000635,58.23495114063695,0.01850215092488607
0.00064,63.38025491200498,0.021240016889252027
0.000645,68.92500592578119,0.024363521460696994
0.00065,74.89489341926159,0.027924012773216482
0.000655,81.31677877183523,0.031979241575475104
0.00066,88.21870742832633,0.036594098767104094
0.000665,95.6299169156795,0.04184142977167379
0.00067,103.58084057808308,0.04780293271740519
0.000675,112.10310664860859,0.054570147903334504
0.00068,121.22953227039149,0.06224554655720789
0.000685,130.9941120774685,0.07094372744091496
0.00069,141.4320009448327,0.0807927304285597
0.000695,152.57949051926045,0.09193547676972363
0.0007,164.47397914721623,0.10453134635416399
0.000705,177.15393482380566,0.11875790291172779
0.00071,190.6588507975356,0.1348127787098399
0.000715,205.02919347970365,0.15291573094725702
0.00072,220.3063423247149,0.17331088268301786
0.000725,236.53252136868278,0.1962691617793237
0.00073,253.75072213839107,0.2220909519714655
0.000735,272.00461767118594,0.2511089708012529
0.00074,291.3384674187189,0.2836913897565497
0.000745,311.7970128436724,0.3202452125413869
0.00075,333.4253635587285,0.36121992795122065
0.000755,356.26887390104673,0.4071114543377358
0.00076,380.3730098833561,0.45846639310808734
0.000765,405.7832065143459,0.5158866091046987
0.00077,432.5447155362636,0.5800341560430577
0.000775,460.7024436862763,0.6516365654348493
0.00078,490.3007816501251,0.7314925175801908
0.000785,521.3834239415256,0.8204779132625375
0.00079,553.9931800084946,0.9195523647095036
0.000795,588.171776937884,1.0297661241780316
0.0008,623.9596542015853,1.1522674681678906
0.000805,661.3957509616789,1.2883105547482039
0.00081,700.5172865268365,1.4392637707811304
0.000815,741.3595346280316,1.60661858492892
0.00082,783.9555922575535,1.7919989212182392
0.000825,828.3361438909735,1.9971710665924154
0.00083,874.5292219863588,2.224054124290594
0.000835,922.5599647282178,2.474731023036496
0.00084,972.4503720546581,2.7514600898813635
0.000845,1024.2190610744226,3.0566871921102545
0.00085,1077.881022045207,3.393058450872026
0.000855,1133.4473761452437,3.7634335261174856
0.00086,1190.925136325897,4.170899469012506
0.000865,1250.3169725833322,4.6187851342232635
0.00087,1311.6209830314538,5.110676140336691
0.000875,1374.8304721956627,5.650430362173918
0.00088,1439.9337379769552,6.242193933870607
0.000885,1506.9138687578256,6.8904177363326164
0.00089,1575.7485521348192,7.599874337026468
0.000895,1646.4098967669265,8.375675344035182
0.0009,1718.8642688237205,9.223289129904817
0.000905,1793.0721445020836,10.148558874037281
0.00091,1868.9879800547658,11.157720865261364
0.000915,1946.560100738093,12.257422998756276
0.00092,2025.7306100392618,13.454743393731768
0.000925,2106.435320485955,14.757209050212543
0.00093,2188.6037072723584,16.172814454966023
0.000935,2272.1588858560667,17.710040038088295
0.00094,2357.0176145900728,19.37787037306587
0.000945,2443.0903233531194,21.185812004310257
0.00095,2530.281169030682,23.143910777274094
0.000955,2618.488118577933,25.262768537357776
0.00096,2707.6030602659334,27.55355905497606
0.000965,2797.5119435734737,30.028043025442003
0.00097,2888.094948040255,32.698581983821285
0.000975,2979.2266812431462,35.57815096669478
0.00098,3070.776405897073,38.68034974493106
0.000985,3162.6082959164814,42.019412444202686
0.00099,3254.58172110362,45.61021536318385
0.000995,3346.5515599567093,49.46828279323764
0.001,3438.368539916131,53.60979063804575
0.001005,3529.879604190876,58.05156762716148
0.00101,3620.9283041320846,62.81109391398291
0.001015,3711.3552159468763,67.90649684626146
0.00102,3800.998380375038,73.35654369609003
0.001025,3889.693763784958,79.18063113646316
0.00103,3977.275738984648,85.39877125308274
0.001035,4063.577583890256,92.03157388318884
0.00104,4148.431996049276,99.10022507794594
0.001045,4231.671620880026,106.62646149137795
0.00105,4313.129591364242,114.6325405071461
0.001055,4392.640076816588,123.14120592463618
0.00106,4470.03883825504,132.17564903798194
0.001065,4545.163787810173,141.7594649558216
0.00107,4617.855549540236,151.91660402583904
0.001075,4687.958018963639,162.67131824649314
0.00108,4755.318918581352,174.04810256882425
0.001085,4819.790346639692,186.07163101382926
0.00109,4881.229316379228,198.7666875556249
0.001095,4939.4982830284525,212.15809174740883
0.0011,4994.465655831688,226.27061909606078
0.001105,5046.006292449311,241.12891622199592
0.00111,5094.001973134758,256.75741087351736
0.001115,5138.341852176656,273.18021689928685
0.00112,5178.922884195383,290.4210343185039
0.001125,5215.650223000796,308.5030446658046
0.00113,5248.437590851239,327.44880182653895
0.001135,5277.207616102262,347.2801186178346
0.00114,5301.89213739594,368.017949411367
0.001145,5322.432472717095,389.68226913488195
0.00115,5338.779651830058,412.29194903093173
0.001155,5350.894610807384,435.86462959270926
0.00116,5358.748347569004,460.4165911380144
0.001165,5362.3220375650235,485.96262252290524
0.00117,5361.607108956315,512.5158885361714
0.001175,5356.60527687269,540.087796554045
0.00118,5347.3285365570055,568.6878630712001
0.001185,5333.799115433551,598.3235807587066
0.00119,5316.049384368814,629.0002867318342
0.001195,5294.1217286204455,660.7210327400934
0.0012,5268.068379194534,693.4864580182704
0.001205,5237.951205550299,727.2946655601193
0.00121,5203.8414708037135,762.1411025954311
0.001215,5165.819550785596,798.0184460661817
0.00122,5123.974618504295,834.9164939078529
0.001225,5078.404295746429,872.8220629477541
0.00123,5029.214273720524,911.7188942328032
0.001235,4976.517904806106,951.5875665945822
0.00124,4920.435767614352,992.4054192493641
0.001245,4861.095207694472,1034.1464842149865
0.00125,4798.629856332067,1076.7814293048286
0.001255,4733.179129980974,1120.2775124316206
0.00126,4664.887712948234,1164.598547920314
0.001265,4593.905026012287,1209.7048854897762
0.00127,4520.384683697168,1255.5534025176726
0.001275,4444.483942950362,1302.097510151665
0.00128,4366.363145978944,1349.2871737731214
0.001285,4286.1851599880965,1397.0689482570913
0.00129,4204.114816538299,1445.3860284046284
0.001295,4120.318353193008,1494.1783148508487
0.0013,4034.9628600678175,1543.3824956749354
0.001305,3948.2157338161355,1592.9321438567654
0.00131,3860.244141495602,1642.7578306396597
0.001315,3771.214496655151,1692.787254770281
0.00132,3681.2919498655933,1742.9453874954818
0.001325,3590.6398957880506,1793.1546331025772
0.00133,3499.419498735651,1843.3350046946318
0.001335,3407.7892385357873,1893.4043147965801
0.00134,3315.9044783443,1943.2783802920303
0.001345,3223.9170559003874,1992.871241095091
0.00135,3131.974899543186,2042.095391867264
0.001355,3040.2216701392636,2090.8620259970276
0.00136,2948.7964298958077,2139.081290969991
0.001365,2857.833338858667,2186.662554171072
0.00137,2767.4613797186094,2233.5146780778414
0.001375,2677.8041113747663,2279.546303726541
0.00138,2588.9794515319973,2324.6661412602607
0.001385,2501.099488440527,2368.7832663026165
0.00139,2414.270321722261,2411.80742084101
0.001395,2328.5919320699645,2453.649317251472
0.0014,2244.158079453892,2494.2209440528486
0.001405,2161.0562293262306,2533.435871942097
0.00141,2079.367506177758,2571.209558635192
0.001415,1999.166673673989,2607.4596510198694
0.00142,1920.5221404804502,2642.106283117539
0.001425,1843.4959907789864,2675.0723683522956
0.00143,1768.1440383796469,2706.2838846352724
0.001435,1694.5159032459069,2735.670150792632
0.00144,1622.655109175062,2763.164092895269
0.001445,1552.5992013105972,2788.702499087753
0.00145,1484.3798821092746,2812.2262615629247
0.001455,1418.0231643424338,2833.6806043867296
0.00146,1353.5495396786043,2853.015295944903
0.001465,1290.9741613723907,2870.184844858698
0.00147,1230.307039572914,2885.1486783004225
0.001475,1171.5532477630175,2897.871301730665
0.00148,1114.7131388478615,2908.3224391770727
0.001485,1059.7825694278424,2916.4771532787654
0.00149,1006.7531308154464,2922.3159444302105
0.001495,955.6123853881307,2925.8248284728866
0.0015,906.3441069090416,2926.995392501474
0.001505,858.928523493623,2925.8248284728866
0.00151,813.3425619523808,2922.3159444302105
0.001515,769.5600922975096,2916.4771532787654
0.00152,727.552171263134,2908.3224391770727
0.001525,687.2872837548725,2897.871301730665
0.00153,648.7315812136294,2885.148678300423
0.001535,611.8491159503126,2870.1848448586984
0.00154,576.602070581945,2853.0152959449038
0.001545,542.9509817746352,2833.68060438673
0.00155,510.85495757474075,2812.2262615629256
0.001555,480.27188768545346,2788.702499087753
0.00156,451.1586461216176,2763.164092895269
0.001565,423.47128575027125,2735.670150792632
0.00157,397.1652242977064,2706.2838846352724
0.001575,372.19542147538493,2675.0723683522956
0.00158,348.5165469463895,2642.106283117539
0.001585,326.0831389209153,2607.4596510198694
0.00159,304.849753233283,2571.209558635192
0.001595,284.7711028138373,2533.435871942097
0.0016,265.80218752662364,2494.2209440528486
0.001605,247.89841439776285,2453.649317251472
0.00161,231.01570830978335,2411.80742084101
0.001615,215.11061328374842,2368.783266302619
0.00162,200.14038451371775,2324.666141260263
0.001625,186.06307135692617,2279.546303726543
0.00163,172.83759151796326,2233.5146780778437
0.001635,160.42379669631188,2186.662554171074
0.00164,148.78252999382013,2139.081290969991
0.001645,137.87567540217702,2090.8620259970276
0.00165,127.66619971030222,2042.095391867264
0.001655,118.11818718789867,1992.871241095091
0.00166,109.19686741434666,1943.2783802920303
0.001665,100.86863663188026,1893.4043147965801
0.00167,93.101073008619,1843.3350046946318
0.001675,85.86294620088371,1793.1546331025772
0.00168,79.12422160529955,1742.9453874954818
0.001685,72.85605968987755,1692.787254770281
0.00169,67.03081078957216,1642.7578306396597
0.001695,61.62200574612287,1592.9321438567672
0.0017,56.60434276433756,1543.3824956749377
0.001705,51.953670847712644,1494.1783148508507
0.00171,47.646970165487424,1445.3860284046305
0.001715,43.662329691166725,1397.0689482570936
0.00172,39.97892243938988,1349.2871737731214
0.001725,36.576978613912566,1302.097510151665
0.00173,33.437756964651854,1255.5534025176726
0.001735,30.543514636303815,1209.7048854897762
0.00174,27.877475775210616,1164.598547920314
0.001745,25.423799145002636,1120.2775124316206
0.00175,23.167544985277804,1076.7814293048286
0.001755,21.09464133125912,1034.1464842149865
0.00176,19.191849996172717,992.4054192493641
0.001765,17.44673240205567,951.5875665945822
0.00177,15.847615428983088,911.7188942328032
0.001775,14.383557437330264,872.8220629477541
0.00178,13.044314602774543,834.9164939078544
0.001785,11.820307689316527,798.0184460661832
0.00179,10.702589371748127,762.1411025954326
0.001795,9.682812205731018,727.2946655601207
0.0018,8.753197331028286,693.486458018272
0.001805,7.906503981474286,660.7210327400934
0.00181,7.135999863986545,629.0002867318342
0.001815,6.435432458346186,598.3235807587066
0.00182,5.799001279587511,568.6878630712001
0.001825,5.221331135661469,540.087796554045
0.00183,4.697446404549237,512.5158885361714
0.001835,4.222746347206903,485.96262252290524
0.00184,3.7929814655916125,460.4165911380144
0.001845,3.4042309085485467,435.86462959270926
0.00185,3.0528809224939244,412.29194903093173
0.001855,2.7356043385986317,389.68226913488195
0.00186,2.449341083524707,368.017949411367
0.001865,2.1912796966732437,347.2801186178355
0.00187,1.9588398333307209,327.44880182653986
0.001875,1.7496557300281677,308.5030446658055
0.00188,1.561560605817214,290.42103431850467
0.001885,1.3925719709918667,273.18021689928685
0.00189,1.240877813012774,256.75741087351736
0.001895,1.1048236279892667,241.12891622199592
0.0019,0.9829002650164977,226.27061909606078
0.001905,0.8737325499173791,212.15809174740883
0.00191,0.7760686544762595,198.7666875556249
0.001915,0.6887701770425737,186.07163101382926
0.00192,0.6108029004040356,174.04810256882425
0.001925,0.5412281930526318,162.67131824649314
0.00193,0.4791950203703993,151.91660402583904
0.001935,0.42393253282125487,141.7594649558216
0.00194,0.37474319893018687,132.17564903798194
0.001945,0.3309964516403027,123.14120592463655
0.00195,0.2921228175444131,114.63254050714649
0.001955,0.2576084994726165,106.62646149137795
0.00196,0.2269903839657256,99.10022507794625
0.001965,0.19985144626152565,92.03157388318884
0.00197,0.17581652655372446,85.39877125308274
0.001975,0.15454845244010584,79.18063113646292
0.00198,0.13574448364643232,73.35654369609003
0.001985,0.11913305628620376,67.90649684626172
0.00199,0.10447080508551224,62.81109391398291
0.001995,0.09153984315923674,58.0515676271617
0.002,0.08014528006359745,53.60979063804575
0.002005,0.0701129599651147,49.46828279323782
0.00201,0.06128740285258517,45.61021536318385
0.002015,0.053529932773198556,42.01941244420283
0.00202,0.046716978093009655,38.68034974493106
0.002025,0.040738529763426824,35.5781509666949
0.00203,0.03549674451711179,32.69858198382123
0.002035,0.030904680817541077,30.028043025442056
0.00204,0.026885156245445893,27.553559054976013
0.002045,0.023369715822112544,25.26276853735782
0.00205,0.02029770154391441,23.14391077727405
0.002055,0.017615414134806318,21.185812004310296
0.00206,0.015275358714297594,19.377870373065836
0.002065,0.01323556672848855,17.710040038088344
0.00207,0.011458987102009235,16.172814454966094
0.002075,0.009912940140354133,14.757209050212543
0.00208,0.008568628246392443,13.454743393731832
0.002085,0.007400698013174282,12.257422998756276
0.00209,0.006386848719012959,11.157720865261414
0.002095,0.005507482681722671,10.148558874037281
0.0021,0.004745393328423302,9.223289129904858
0.002105,0.004085487207054525,8.375675344035182
0.00211,0.0035145365072897653,7.599874337026495
0.002115,0.0030209589734726504,6.890417736332599
0.00212,0.0025946223820974778,6.242193933870624
0.002125,0.00222667102274171,5.6504303621739025
0.00213,0.0019093718657415659,5.110676140336705
0.002135,0.0016359783237201852,4.618785134223251
0.00214,0.0014006097187416325,4.170899469012516
0.002145,0.0011981447537078862,3.763433526117479
0.00215,0.0010241274569332591,3.3930584508720347
0.002155,0.0008746842238396404,3.0566871921102603
0.00216,0.0007464507205850082,2.7514600898813635
0.002165,0.0006365075422626866,2.474731023036507
0.00217,0.0005423236341305413,2.224054124290594
0.002175,0.00046170658912263044,1.9971710665924238
0.00218,0.00039275902957530635,1.7919989212182392
0.002185,0.00033384036652263864,1.6066185849289272
0.00219,0.0002835333068788361,1.4392637707811304
0.002195,0.0002406145480720916,1.2883105547482072
0.0022,0.00020402916191302283,1.1522674681678875
0.002205,0.00017286822531078347,1.0297661241780345
0.00221,0.00014634930547975544,0.9195523647095022
0.002215,0.00012379945205390842,0.8204779132625389
0.00222,0.00010464038854364596,0.7314925175801908
0.002225,8.83756312912506e-05,0.6516365654348504
0.00223,7.457929592569602e-05,0.5800341560430567
0.002235,6.288637967111839e-05,0.5158866091047005
0.00224,5.298433307608605e-05,0.4584663931080897
0.002245,4.4605757123490744e-05,0.4071114543377358
0.00225,3.752208154391409e-05,0.36121992795122254
0.002255,3.153809775318325e-05,0.3202452125413869
0.00226,2.6487235406754988e-05,0.28369138975655117
0.002265,2.222748532619403e-05,0.2511089708012529
0.00227,1.863788370206974e-05,0.22209095197146664
0.002275,1.5615483189396747e-05,0.1962691617793237
0.00228,1.3072745945299966e-05,0.17331088268301786
0.002285,1.0935301956549233e-05,0.15291573094725647
0.00229,9.140023295291606e-06,0.13481277870984038
0.002295,7.633371339461618e-06,0.11875790291172737
0.0023,6.369979602853551e-06,0.10453134635416435
0.002305,5.311439730453252e-06,0.09193547676972329
0.00231,4.425262509355716e-06,0.08079273042855999
0.002315,3.6839894973807105e-06,0.07094372744091557
0.00232,3.0644341453323956e-06,0.06224554655720789
0.002325,2.5470341423847265e-06,0.05457014790333481
0.00233,2.115299198521784e-06,0.04780293271740519
0.002335,1.7553406386523191e-06,0.041841429771674085
0.00234,1.455471060064393e-06,0.036594098767104094
0.002345,1.2058639337438102e-06,0.03197924157547528
0.00235,9.982644420074306e-07,0.027924012773216482
0.002355,8.257440674697433e-07,0.024363521460697125
0.00236,6.824925058076811e-07,0.02124001688925195
0.002365,5.636413884369992e-07,0.018502150924886135
0.00237,4.651150897633948e-07,0.016104310861708163
0.002375,3.835045735293732e-07,0.014006016559340325
0.00238,3.159608182956614e-07,0.012171376316627881
0.002385,2.601048658340094e-07,0.010568596308993688
0.00239,2.139519691266492e-07,0.009169538808901439
0.002395,1.7584768833399158e-07,0.007949324778490264
0.0024,1.4441410183543535e-07,0.006885976770941906
0.002405,1.185045725199836e-07,0.005960098403146124
0.00241,9.716574320308809e-08,0.005154586967363065
0.002415,7.960563484306322e-08,0.0044543760345819245
0.00242,6.516689186611041e-08,0.0038462051679167947
0.002425,5.330436448886486e-08,0.0033184141114691703
0.00243,4.35663420033493e-08,0.0028607590494827578
0.002435,3.557885662872736e-08,0.0024642487431651323
0.00244,2.903256738527019e-08,0.0021209985491376674
0.002445,2.3671809789916404e-08,0.0018241005049569401
0.00245,1.9285461974566266e-08,0.0015675078344018377
0.002455,1.56993327768901e-08,0.0013459323790804883
0.00246,1.2769823900183399e-08,0.0011547536042198373
0.002465,1.037865762853097e-08,0.0009899379560597977
0.00247,8.42849488327588e-09,0.0008479674668718758
0.002475,6.839296529838781e-09,0.0007257766120082758
0.00248,5.545304571342742e-09,0.0006206965222887671
0.002485,4.492539864323368e-09,0.0005304057451363847
0.00249,3.6367298312192733e-09,0.0004528868298395291
0.002495,2.9415938093868265e-09,0.00038638808676830043
0.0025,2.3774255800095786e-09,0.0003293899378976198
0.002505,1.9199226136381405e-09,0.00028057533714354645
0.00251,1.5492199504763358e-09,0.00023880379432325685
0.002515,1.2490936560548182e-09,0.00020308858649304952
0.00252,1.0063046711280933e-09,0.00017257678545785446
0.002525,8.100587901618719e-10,0.00014653177080643
0.00253,6.515626092793207e-10,0.00012431793430345403
0.002535,5.236587118246993e-10,0.0001053873142303811
0.00254,4.20526217338187e-10,8.926792765017889e-05
0.002545,3.3743520009038173e-10,7.555359489046492e-05
0.00255,2.70545464192598e-10,6.38950740835745e-05
0.002555,2.1674180913298332e-10,5.3992344636192123e-05
0.00256,1.734992873951767e-10,4.558789726867882e-05
0.002565,1.3877309077950558e-10,3.84609049881949e-05
0.00257,1.1090864289832172e-10,3.242216424374172e-05
0.002575,8.856825450838794e-11,2.73097087412899e-05
0.00258,7.067134303321396e-11,2.298501014236096e-05
0.002585,5.6345750524629617e-11,1.9329690283648567e-05
0.00259,4.488813438129038e-11,1.6242678778048286e-05
0.002595,3.57317682063083e-11,1.363775801519764e-05
0.0026,2.8420389436541294e-11,1.1441444786665225e-05
0.002605,2.2586976794353503e-11,9.591164120412014e-06
0.00261,1.7936543334203362e-11,8.033676514136412e-06
0.002615,1.4232197472018985e-11,6.723724691266099e-06
0.00262,1.1283861196441117e-11,5.622870341907593e-06
0.002625,8.939146893174975e-12,4.698495121442387e-06
0.00263,7.07598619602438e-12,3.922943522115854e-06
0.002635,5.596679593440927e-12,3.272788161927506e-06
0.00264,4.423097129821614e-12,2.7282005986795523e-06
0.002645,3.492810892893065e-12,2.2724130182015833e-06
0.00265,2.7559810911341525e-12,1.8912581028844274e-06
0.002655,2.1728510623354017e-12,1.572776093790486e-06
0.00266,1.7117338864493821e-12,1.3068795470407367e-06
0.002665,1.3473955301448854e-12,1.08506757972988e-06
0.00267,1.0597575534608852e-12,9.001825260645768e-07
0.002675,8.328571213463814e-13,7.462029017634091e-07
0.00268,6.5401400861487e-13,6.180674225598496e-07
0.002685,5.131639772177286e-13,5.115255572799886e-07
0.00269,4.0232575828556813e-13,4.230107318381501e-07
0.002695,3.151752303964379e-13,3.495328502890523e-07
0.0027,2.4670552965980264e-13,2.8858727393269553e-07
0.002705,1.9295598472222706e-13,2.380778091635171e-07
0.00271,1.5079612683533484e-13,1.9625160785098418e-07
0.002715,1.1775373331096292e-13,1.6164418803188204e-07
0.00272,9.187804542453168e-14,1.330330441342982e-07
0.002725,7.163105945148254e-14,1.0939854056038531e-07
0.00273,5.580120353012437e-14,8.989097521425216e-08
0.002735,4.343484957398195e-14,7.380286481616507e-08
0.00274,3.3782022122827686e-14,6.054564537038873e-08
0.002745,2.6253398249822665e-14,4.963010223298567e-08
0.00275,2.0386279569717684e-14,4.064994770406909e-08
0.002755,1.5817687424080373e-14,3.326805241356813e-08
0.00276,1.2263108393319969e-14,2.7204912116085402e-08
0.002765,9.499717909811095e-15,2.2228995705167408e-08
0.00277,7.353149840329319e-15,1.814867489490136e-08
0.002775,5.6870714830262985e-15,1.480548247241165e-08
0.00278,4.394976149825508e-15,1.2068485483723805e-08
0.002785,3.393727148017271e-15,9.829593197221143e-09
0.00279,2.6184837733562837e-15,7.999648070304271e-09
0.002795,2.018716885650867e-15,6.5051719784433486e-09
0.0028,1.5550827678505202e-15,5.285660297235538e-09
0.002805,1.1969724827454755e-15,4.291333610286974e-09
0.00281,9.205924069782531e-16,3.4812713220488656e-09
0.002815,7.07462093585035e-16,2.8218636896006237e-09
0.00282,5.43239731390234e-16,2.2855290962241804e-09
0.002825,4.168045402290166e-16,1.8496520669808094e-09
0.00283,3.195405075931797e-16,1.4957048233666742e-09
0.002835,2.447777648806571e-16,1.2085213040352535e-09
0.00284,1.873572802259628e-16,9.756977230783508e-10
0.002845,1.4329193462606485e-16,7.870980506185748e-10
0.00285,1.0950286538097927e-16,6.344464132355246e-10
0.002855,8.361453623993647e-17,5.109914348321802e-10
0.00286,6.379558900515259e-17,4.1123006571628595e-10
0.002865,4.8635354086248e-17,3.3068055822068157e-10
0.00287,3.7048111672666244e-17,2.656960080778846e-10
0.002875,2.8198930455372105e-17,2.1331134850286206e-10
0.00288,2.144626955601876e-17,1.7111790613855797e-10
0.002885,1.6297592270629152e-17,1.3716064477526366e-10
0.00289,1.2375071053191851e-17,1.0985406778255652e-10
0.002895,9.389111969192728e-18,8.791345182044658e-11
0.0029,7.117933065174542e-18,7.029866639815184e-11
0.002905,5.3918257145065905e-18,5.6168316157497485e-11
0.00291,4.0810353430551034e-18,4.4842342066846855e-11
0.002915,3.086437099597715e-18,3.5771547987807285e-11
0.00292,2.3323679757719044e-18,2.8512791994354185e-11
0.002925,1.7611213146484988e-18,2.2708807128736227e-11
0.00293,1.3287217414681909e-18,1.807180210033436e-11
0.002935,1.00168546891906e-18,1.4370145545721802e-11
0.00294,7.545382673628199e-19,1.1417563508939617e-11
0.002945,5.679155127084116e-19,9.064383458425286e-12
0.00295,4.2710903379230437e-19,7.190443325695061e-12
0.002955,3.2095662704445303e-19,5.69935396237222e-12
0.00296,2.4099415074435733e-19,4.5138607456407985e-12
0.002965,1.8080865711635433e-19,3.5720970363700652e-12
0.00297,1.355453127368958e-19,2.824560644640872e-12
0.002975,1.0153186219024755e-19,2.231675901338794e-12
0.00298,7.599285548510473e-20,1.7618296245439724e-12
0.002985,5.683236647605138e-20,1.389790238891112e-12
0.00299,4.24689262913068e-20,1.0954364063498136e-12
0.002995,3.171022959842571e-20,8.627354588909318e-13
0.003,2.365811052181322e-20,6.789232636924907e-13
0.003005,1.763653605313433e-20,5.338463734839522e-13
0.00301,1.3137087395563986e-20,4.1943480702948526e-13
0.003015,9.777716751113841e-21,3.292798863387578e-13
0.00302,7.2715731864901e-21,2.582964890456467e-13
0.003025,5.403459135274765e-21,2.02453070174762e-13
0.00303,4.012064696667381e-21,1.585560418975428e-13
0.003035,2.9765730704432745e-21,1.2407771553404838e-13
0.00304,2.206570122283117e-21,9.701912339405334e-14
0.003045,1.6344494106820527e-21,7.580074396671651e-14
0.00305,1.2097003235248062e-21,5.917552974078444e-14
0.003055,8.946160287596658e-22,4.615974544051839e-14
0.00306,6.610710182768923e-22,3.5978016798995956e-14
0.003065,4.881037283733382e-22,2.8019707656414014e-14
0.00307,3.6010462278454127e-22,2.1804319829140447e-14
0.003075,2.654592313731593e-22,1.6954073127477706e-14
0.00308,1.9553276111226827e-22,1.3172194195573959e-14
0.003085,1.4391093597821864e-22,1.0225740373405053e-14
0.00309,1.0583288302157085e-22,7.932022977506044e-15
0.003095,7.776783714536033e-23,6.147884921510548e-15
0.0031,5.709945706224433e-23,4.76123985213883e-15
0.003105,4.189059231966996e-23,3.684401537620369e-15
0.00311,3.070814538559837e-23,2.848829213121159e-15
0.003115,2.2492785381375483e-23,2.2009918671443176e-15
0.00312,1.6462108323457943e-23,1.6991159858110512e-15
0.003125,1.2038717826664332e-23,1.3106302225763841e-15
0.00313,8.796857963061226e-24,1.0101593669492997e-15
0.003135,6.422845698692051e-24,7.77950880395346e-16
0.00314,4.685759151986209e-24,5.98641778367245e-16
0.003145,3.415741528397719e-24,4.602930659197e-16
0.00315,2.487955464861107e-24,3.536343205550364e-16
0.003155,1.8107261296098706e-24,2.7147318990403415e-16
0.00316,1.3167869072990813e-24,2.0823419554922749e-16
0.003165,9.568212129954485e-25,1.5959883515262793e-16
0.00317,6.947021693370013e-25,1.222249728638435e-16
0.003175,5.039867041440172e-25,9.35282366020202e-17
0.00318,3.6533566229821497e-25,7.151186546181814e-17
0.003185,2.6461692666185077e-25,5.463438172236486e-17
0.00319,1.9151188838950703e-25,4.170676669262478e-17
0.003195,1.3849255279152876e-25,3.18126301813397e-17
0.0032,1.0007132886714403e-25,2.424628443445795e-17
0.003205,7.225126872577877e-26,1.84647477355173e-17
0.00321,5.212353393225007e-26,1.4050575930673287e-17
0.003215,3.757290655783984e-26,1.0683103555979636e-17
0.00322,2.706252385003024e-26,8.1162107304802e-18
0.003225,1.947665470459209e-26,6.161149618092602e-18
0.00323,1.4005963740709012e-26,4.673290308526884e-18
0.003235,1.0063850924065171e-26,3.541900283782247e-18
0.00324,7.225500852371987e-27,2.6822698270290416e-18
0.003245,5.1835140815621336e-27,2.029650044755841e-18
0.00325,3.71563609546635e-27,1.534590218007711e-18
0.003255,2.661304866220528e-27,1.15935450200567e-18
0.00326,1.9046213461379817e-27,8.751704482866073e-19
0.003265,1.361994115259387e-27,6.601180386236026e-19
0.00327,9.731826984058492e-28,4.9751149677582805e-19
0.003275,6.948100503583537e-28,3.7465989411954194e-19
0.00328,4.956674142549242e-28,2.8191868137330166e-19
0.003285,3.533191770581247e-28,2.1196446981810774e-19
0.00329,2.516498153266772e-28,1.592409820833484e-19
0.003295,1.790929896209301e-28,1.195361296004416e-19
0.0033,1.2735415566132262e-28,8.965945546970872e-20
0.003305,9.048992326534253e-29,6.719633218295648e-20
0.00331,6.424508135371567e-29,5.032080779528496e-20
0.003315,4.5575570244385917e-29,3.765322716433549e-20
0.00332,3.2305532467095735e-29,2.8152007471808677e-20
0.003325,2.288096096936494e-29,2.1031444299862683e-20
0.00333,1.6192883129293834e-29,1.5699339877147793e-20
0.003335,1.1450558422926028e-29,1.1709712965880264e-20
0.00334,8.090618382527921e-30,8.726973795019069e-21
0.003345,5.71201489502066e-30,6.4988072848685556e-21
0.00335,4.029484690305641e-30,4.835665034823387e-21
0.003355,2.840287177897378e-30,3.595268463973062e-21
0.00336,2.0004493547636128e-30,2.6709084698731203e-21
0.003365,1.407814496445126e-30,1.9826189355305336e-21
0.00337,9.899559478535868e-31,1.4705238023186088e-21
0.003375,6.955668409871481e-31,1.0898266701973648e-21
0.00338,4.883311580921486e-31,8.070405738656833e-22
0.003385,3.4256466576051943e-31,5.971533478093222e-22
0.00339,2.4011719380697155e-31,4.414982006116562e-22
0.003395,1.6817309533518426e-31,3.2615539657759955e-22
0.0034,1.1769075276311978e-31,2.407535856928463e-22
0.003405,8.229637920923636e-32,1.7757160649018858e-22
0.00341,5.750050775892889e-32,1.3086600595350673e-22
0.003415,4.0143496412614347e-32,9.636797572582289e-23
0.00342,2.800343305279411e-32,7.090733930072643e-23
0.003425,1.951910595312618e-32,5.2131738336720796e-23
0.00343,1.3594434010285347e-32,3.829709115745876e-23
0.003435,9.460517746949805e-33,2.811136504047568e-23
0.00344,6.57841462827155e-33,2.061819512424688e-23
0.003445,4.570672936865495e-33,1.5110259412614472e-23
0.00345,3.173157381804905e-33,1.1064855834035041e-23
0.003455,2.201180436153478e-33,8.096031022844857e-24
0.00346,1.5257108689485552e-33,5.919038051611354e-24
0.003465,1.0566749218719446e-33,4.3239699251017515e-24
0.00347,7.312453630052196e-34,3.1562163241579843e-24
0.003475,5.056353331543713e-34,2.3019899497460105e-24
0.00348,3.4935283172776948e-34,1.6776163462874648e-24
0.003485,2.4118133002962073e-34,1.2216152328222984e-24
0.00349,1.663702496103431e-34,8.888506497712263e-25
0.003495,1.1467274667978912e-34,6.462130339871704e-25
0.0035,7.897639871083867e-35,4.694347087079548e-25
0.003505,5.434842987487417e-35,3.40743237139303e-25
0.00351,3.7370528683572884e-35,2.471336351684572e-25
0.003515,2.56758036791529e-35,1.7909729817623598e-25
0.00352,1.762671632331007e-35,1.2968769621318906e-25
0.003525,1.2091254112902485e-35,9.38341838876936e-26
0.00353,8.287505816372503e-36,6.783845543031609e-26
0.003535,5.6758238464013234e-36,4.900533762953557e-26
0.00354,3.884065408045811e-36,3.5372306912840664e-26
0.003545,2.6558083120359998e-36,2.5511497257452847e-26
0.00355,1.814510481184977e-36,1.8384891687661468e-26
0.003555,1.2387247099478077e-36,1.323849963400445e-26
0.00356,8.44972714512994e-37,9.52508860558456e-27
0.003565,5.759212905369511e-37,6.847812261596568e-27
0.00357,3.922257903078763e-37,4.919117888099892e-27
0.003575,2.6690808182983935e-37,3.530816768617877e-27
0.00358,1.8148463654466866e-37,2.5323031469352676e-27
0.003585,1.2330212811245406e-37,1.8147164387053548e-27
0.00359,8.370547071228086e-38,1.2994345696048738e-27
0.003595,5.677925345808728e-38,9.297209639610975e-28
0.0036,3.8483811396265107e-38,6.6466589600042445e-28
0.003605,2.6062678183656585e-38,4.747956506808342e-28
0.00361,1.763650678637631e-38,3.3889302678474352e-28
0.003615,1.1925007547067099e-38,2.4169690980446007e-28
0.00362,8.056702359965449e-39,1.7223925064035017e-28
0.003625,5.4388682828543276e-39,1.2264383474436883e-28
0.00363,3.668701077756619e-39,8.725933112671657e-29
0.003635,2.472684336206309e-39,6.203411665768628e-29
0.00364,1.665242907172706e-39,4.4065823398507796e-29
0.003645,1.1205702075674527e-39,3.127704689132508e-29
0.00365,7.534477068306548e-40,2.2182074380643741e-29
0.003655,5.061971824259669e-40,1.5719225264772773e-29
0.00366,3.3981214446386628e-40,1.1130448960841136e-29
0.003665,2.2793479821171628e-40,7.874931626896997e-30
0.00367,1.527688938865405e-40,5.567156953611102e-30
0.003675,1.0230851945643677e-40,3.932535968480409e-30
0.00368,6.846068338473469e-41,2.7756487464365045e-30
0.003685,4.577445946484215e-41,1.957532012223089e-30
0.00369,3.058142959132805e-41,1.3794494942566865e-30
0.003695,2.0414789533239483e-41,9.71304274651207e-31
0.0037,1.3617098993566685e-41,6.833722830035365e-31
0.003705,9.075631355945848e-42,4.804099401320104e-31
0.00371,6.043961142585722e-42,3.374575691450457e-31
0.003715,4.021786801912292e-42,2.3685302032751314e-31
0.00372,2.6740467150659465e-42,1.6610826612866998e-31
0.003725,1.776525721813172e-42,1.164008434444364e-31
0.00373,1.1793061793756389e-42,8.150299608557724e-32
0.003735,7.822295405714188e-43,5.702214957322378e-32
0.00374,5.1843512239828205e-43,3.9862649445635995e-32
0.003745,3.433263872188673e-43,2.784462031695846e-32
0.00375,2.2718126603517764e-43,1.94343045708699e-32
0.003755,1.502070828409172e-43,1.35534317556286e-32
0.00376,9.923408568322562e-44,9.444568188285684e-33
0.003765,6.550642488095094e-44,6.576086301382468e-33
0.00377,4.320753469522151e-44,4.5751513555350975e-33
0.003775,2.847656763792508e-44,3.1805043389065974e-33
0.00378,1.8752896633720252e-44,2.2092205949486145e-33
0.003785,1.2339615933418573e-44,1.5333268420269732e-33
0.00379,8.113112345842664e-45,1.0633664601158149e-33
0.003795,5.329983953731335e-45,7.368578966281112e-34
0.0038,3.4987819522542535e-45,5.1019604832842535e-34
0.003805,2.2948823095358612e-45,3.5297423314283793e-34
0.00381,1.504030083442088e-45,2.440065478391404e-34
0.003815,9.849296066270268e-46,1.6854369949280195e-34
0.00382,6.444755207774631e-46,1.1632582156086364e-34
0.003825,4.213667129179814e-46,8.022178090357266e-35
0.00383,2.752748830812019e-46,5.527910894222964e-35
0.003835,1.7969066413427172e-46,3.806118743234665e-35
0.00384,1.1720253499959676e-46,2.6185218190249943e-35
0.003845,7.638376497509236e-47,1.8000419448866633e-35
0.00385,4.974136297209127e-47,1.2364074630189394e-35
0.003855,3.236583873692581e-47,8.485807485048109e-36
0.00386,2.1043046505261745e-47,5.819387760034209e-36
0.003865,1.3670453703836553e-47,3.987621988377135e-36
0.00387,8.873803475392103e-48,2.730255133540321e-36
0.003875,5.755582038860422e-48,1.8678631189706204e-36
0.00388,3.7301067029354676e-48,1.2768486631282398e-36
0.003885,2.4154932404406125e-48,8.721403295300969e-37
0.00389,1.5629423604764323e-48,5.952314606052153e-37
0.003895,1.0104914937177046e-48,4.05917663316321e-37
0.0039,6.5279215465145774e-49,2.765938927645767e-37
0.003905,4.213759601853462e-49,1.883214492804484e-37
0.00391,2.7177978350597615e-49,1.2811782384655116e-37
0.003915,1.7515280871688794e-49,8.709072046518922e-38
0.00392,1.1278974843294142e-49,5.915436240812862e-38
0.003925,7.257293955265667e-50,4.014710524635292e-38
0.00393,4.665867109486758e-50,2.722539940736189e-38
0.003935,2.99738535181505e-50,1.8447896244955657e-38
0.00394,1.9240012961536174e-50,1.2490274972676275e-38
0.003945,1.2340157547060207e-50,8.449863938794285e-39
0.00395,7.908399735294534e-51,5.711892125810488e-39
0.003955,5.064179441319551e-51,3.858005497029119e-39
0.00396,3.240276888545828e-51,2.6037438179980535e-39
0.003965,2.0716086938596933e-51,1.755845205077984e-39
0.00397,1.3233840350196515e-51,1.1831144659043875e-39
0.003975,8.447274783936501e-52,7.96562518905047e-40
0.00398,5.387656723638214e-52,5.358775150739003e-40
0.003985,3.43348991523923e-52,3.6021663642356848e-40
0.00399,2.186372720332536e-52,2.419438364178542e-40
0.003995,1.3911219018703614e-52,1.6237453614610377e-40
0.004,8.844203784970973e-53,1.088864524156841e-40
0.004005,5.6182991264997635e-53,7.29595821255444e-41
0.00401,3.56618229427996e-53,4.884761812303147e-41
0.004015,2.2618030499190924e-53,3.2678115997141923e-41
0.00402,1.4333709409633273e-53,2.184354857686228e-41
0.004025,9.076428073387955e-54,1.4589551448565543e-41
0.00403,5.742802880730403e-54,9.73673278442915e-42
0.004035,3.6306586008563997e-54,6.492876275618259e-42
0.00404,2.2935038901788978e-54,4.326269478276311e-42
0.004045,1.4476584627794155e-54,2.8803321527211907e-42
0.00405,9.130305521843732e-55,1.9161263428201055e-42
0.004055,5.753830599520907e-55,1.2736739756328966e-42
0.00406,3.6231089777729324e-55,8.459505423226913e-43
0.004065,2.2795981046912097e-55,5.61415289015411e-43
0.00407,1.4331371093746222e-55,3.722854494627501e-43
0.004075,9.00263744530632e-56,2.4667234000500237e-43
0.00408,5.650727232265285e-56,1.6331174125270812e-43
0.004085,3.5439818706242165e-56,1.0803561024695328e-43
0.00409,2.2209112483296946e-56,7.141164114383039e-44
0.004095,1.390668060227108e-56,4.716541529833472e-44
0.0041,8.700983021124833e-57,3.112654204854121e-44
0.004105,5.439584486965274e-57,2.0525353894020873e-44
0.00411,3.3979399248936267e-57,1.352393254840999e-44
0.004115,2.120890420578699e-57,8.903646369638321e-45
0.00412,1.3227364737282115e-57,5.857136880733218e-45
0.004125,8.24291823980082e-58,3.8499528338856763e-45
0.00413,5.13264490942994e-58,2.528587628577168e-45
0.004135,3.1934050773463194e-58,1.659407975158341e-45
0.00414,1.9852690301928098e-58,1.0881302945522894e-45
0.004145,1.2332107118383148e-58,7.129534824412032e-46
0.00415,7.654340425823578e-59,4.667604524447346e-46
0.004155,4.7471266989485555e-59,3.0533702796901818e-46
0.00416,2.9417545710055055e-59,1.995802031349932e-46
0.004165,1.821522815158489e-59,1.303490922312261e-46
0.00417,1.1269777920924086e-59,8.50650430542914e-47
0.004175,6.967045795256046e-60,5.546854904585963e-47
0.00418,4.303626140673675e-60,3.6140574309059646e-47
0.004185,2.656274620460624e-60,2.3528587619521554e-47
0.00419,1.6381888784523408e-60,1.5305560232493313e-47
0.004195,1.0095028236658054e-60,9.948444191368172e-48
0.0042,6.215894965751698e-61,6.461207218524923e-48
0.004205,3.8243035879323274e-61,4.1929987759768145e-48
0.00421,2.3510053586318823e-61,2.7188695200002878e-48
0.004215,1.4441338289738885e-61,1.7615888830737884e-48
0.00422,8.863675097601602e-62,1.1404423075853188e-48
0.004225,5.435916533902077e-62,7.377252425782688e-49
0.00423,3.33107411325432e-62,4.768354463906423e-49
0.004235,2.0396158375204892e-62,3.0796047759715076e-49
0.00424,1.24785757626005e-62,1.9873483629448715e-49
0.004245,7.628413553854623e-63,1.281461558703545e-49
0.00425,4.6596790304322416e-63,8.25638105222879e-50
0.004255,2.844004899935854e-63,5.315283565270613e-50
0.00426,1.73443185991271e-63,3.419130784718159e-50
0.004265,1.0569068414865622e-63,2.1976450654523967e-50
0.00427,6.43529914943586e-64,1.4114059881191912e-50
0.004275,3.9151944435397814e-64,9.057303558206845e-51
0.00428,2.380074194054061e-64,5.807623524444393e-51
0.004285,1.4457067868606623e-64,3.7209218817206525e-51
0.00429,8.774502630820046e-65,2.3820738057864852e-51
0.004295,5.3212953159771655e-65,1.523745510180946e-51
0.0043,3.2245178036815768e-65,9.739176328773415e-52
0.004305,1.9523818475796094e-65,6.219916910642182e-52
0.00431,1.181183325443579e-65,3.9691681877288205e-52
0.004315,7.140397976648618e-66,2.5308533750172846e-52
0.00432,4.313006309171055e-66,1.612452881110654e-52
0.004325,2.6030968884447833e-66,1.0265016329239975e-52
0.00433,1.5698318533139135e-66,6.529573591535918e-53
0.004335,9.459507056230283e-67,4.1501382263335775e-53
0.00434,5.6955600923647156e-67,2.6356811281284665e-53
0.004345,3.426548912865143e-67,1.6725370098540974e-53
0.00435,2.0598234463748553e-67,1.0605012155623934e-53
0.004355,1.2372447606310154e-67,6.718915343110217e-54
0.00436,7.42563868976286e-68,4.253434329863332e-54
0.004365,4.453121747306512e-68,2.690499150568813e-54
0.00437,2.6683812980311496e-68,1.7005074971251252e-54
0.004375,1.5976578288834928e-68,1.0739320589174086e-54
0.00438,9.558114307838645e-69,6.77684617111302e-55
0.004385,5.713644727847006e-69,4.272981500361939e-55
0.00439,3.41276834325889e-69,2.6920738033865612e-55
0.004395,2.0368214082092437e-69,1.6947103261930435e-55
0.0044,1.2146514049743235e-69,1.0659984025816886e-55
0.004405,7.237739151951599e-70,6.699928938994029e-56
0.00441,4.3093003211946054e-70,4.207618960908039e-56
0.004415,2.5636761361696673e-70,2.640311546465476e-56
0.00442,1.5239549337555562e-70,1.6554898058185911e-56
0.004425,9.051772957778628e-71,1.0371711097543849e-56
0.00443,5.3721452257484166e-71,6.492723012503077e-57
0.004435,3.185769874951245e-71,4.061214282329491e-57
0.00444,1.8877028101622515e-71,2.538268138437819e-57
0.004445,1.1176489331391387e-71,1.585154712878291e-57
0.00445,6.611953000947421e-72,9.891413981144813e-58
0.004455,3.908469004847314e-72,6.1673367902940334e-58
0.00446,2.308533339960604e-72,3.842284479365529e-58
0.004465,1.3624425367299242e-72,2.3918499548333246e-58
0.00447,8.03438801551657e-73,1.4877532651174226e-58
0.004475,4.734127758297595e-73,9.246565628743808e-59
0.00448,2.7872742996785405e-73,5.742256199421477e-59
0.004485,1.6397287494003638e-73,3.56317570505035e-59
0.00449,9.638664783659897e-74,2.20924802887829e-59
0.004495,5.661275712825468e-74,1.3686874285036885e-59
0.0045,3.3224947266595934e-74,8.472598855143845e-60
0.004505,1.948349475057913e-74,5.240606794975981e-60
0.00451,1.1416210862275605e-74,3.238911421062958e-60
0.004515,6.683895775225353e-75,2.0001802313936086e-60
0.00452,3.910118514314618e-75,1.2342176557173594e-60
0.004525,2.2856132081467957e-75,7.609689619671919e-61
0.00453,1.3349595842682594e-75,4.688076569334874e-61
0.004535,7.7908718838988e-76,2.885858372560386e-61
0.00454,4.5431447286006837e-76,1.7750389834453387e-61
0.004545,2.6471566731195254e-76,1.0909210999216476e-61
0.00455,1.5411868125141758e-76,6.6993297105087055e-62
0.004555,8.965685218463277e-77,4.11075815808943e-62
0.00456,5.211518142453877e-77,2.5203744410024814e-62
0.004565,3.0268965996060032e-77,1.5440479057859432e-62
0.00457,1.7566428866093445e-77,9.451680639839427e-63
0.004575,1.0186428513226829e-77,5.781091878615923e-63
0.00458,5.902187017074028e-78,3.533159705107978e-63
0.004585,3.417091086884678e-78,2.1575915386329706e-63
0.00459,1.9767543774205855e-78,1.316520894632779e-63
0.004595,1.142618962493547e-78,8.026733548344234e-64
0.0046,6.599373516253261e-79,4.88992841427847e-64
0.004605,3.808522769502075e-79,2.976587958545815e-64
0.00461,2.1961548946857363e-79,1.8104540391383015e-64
0.004615,1.2653828476401395e-79,1.1002942721600678e-64
0.00462,7.285065876809569e-80,6.681635261172985e-65
0.004625,4.190806297008303e-80,4.05423801382823e-65
0.00463,2.408874957134852e-80,2.458036245991722e-65
0.004635,1.3835137827211891e-80,1.489086369664054e-65
0.00464,7.939721841340175e-81,9.013719902345658e-66
0.004645,4.55281129290908e-81,5.45181101692796e-66
0.00465,2.60859451267991e-81,3.2948078484731316e-66
0.004655,1.4934341133031102e-81,1.9896283254479153e-66
0.00466,8.543151789612001e-82,1.2005116610913283e-66
0.004665,4.8831801045558425e-82,7.237913274900197e-67
0.00467,2.788944852023235e-82,4.360265470143384e-67
0.004675,1.5915844058320938e-82,2.6246116523963452e-67
0.00468,9.075529825210392e-83,1.5785914201155575e-67
0.004685,5.1709086532437254e-83,9.486958216860545e-68
0.00469,2.9438407158235235e-83,5.696876465601507e-68
0.004695,1.6746124433320024e-83,3.4182134657404514e-68
0.0047,9.518464283675752e-84,2.0493405042514378e-68
0.004705,5.405949939931847e-84,1.2276699658461244e-68
0.00471,3.067818904002115e-84,7.348550839879646e-69
0.004715,1.7395622846795594e-84,4.395156456020528e-69
0.00472,9.856048037475211e-85,2.626633870157136e-69
0.004725,5.579794497879937e-85,1.5684739325220316e-69
0.00473,3.156357314334714e-85,9.358529955672917e-70
0.004735,1.784048608513984e-85,5.579438935459814e-70
0.00474,1.0075805352520733e-85,3.323731914069259e-70
0.004745,5.685981201034757e-86,1.9783995744698157e-70
0.00475,3.206148503814444e-86,1.176669772905928e-70
0.004755,1.8064020339334124e-86,6.992745923816601e-71
0.00476,1.0169456834524462e-86,4.1523453331587964e-71
0.004765,5.720495724160401e-87,2.4637222476047577e-71
0.00477,3.215304718240072e-87,1.4606379832905162e-71
0.004775,1.8057730813959131e-87,8.652587491042115e-72
0.00478,1.0133437098685977e-87,5.1215565582179e-72
0.004785,5.682022403762486e-88,3.0290783796603516e-72
0.00479,3.1834766731546905e-88,1.79007659264629e-72
0.004795,1.7821857486895958e-88,1.0570250525044499e-72
0.0048,9.969120040579874e-89,6.236652007407196e-73
0.004805,5.572027470603819e-89,3.676802545989386e-73
0.00481,3.1118756667918754e-89,2.1659162912199258e-73
0.004815,1.73653599133645e-89,1.2748690929193948e-73
0.00482,9.682731865811173e-90,7.497942084168603e-74
0.004825,5.394666313231442e-90,4.406270297590416e-74
0.00483,3.0031970733776615e-90,2.5873355321395884e-74
0.004835,1.6705352415743984e-90,1.5180530021074184e-74
0.00484,9.284959553431389e-91,8.899665458573579e-75
0.004845,5.156522949406918e-91,5.213303308051031e-75
0.00485,2.8614519533632536e-91,3.0514402342261425e-75
0.004855,1.5866039296798354e-91,1.784634597703364e-75
0.00486,8.790289078313952e-92,1.042908753057073e-75
0.004865,4.866204476738822e-92,6.089699760532134e-76
0.00487,2.6917214459491868e-92,3.553022963334804e-76
0.004875,1.4877242425001643e-92,2.0713462953605877e-76
0.00488,8.216130515243977e-93,1.2065907008622756e-76
0.004885,4.53382532003621e-93,7.02295361968891e-77
0.00489,2.499854902851591e-93,4.084436900253993e-77
0.004895,1.3772645997901497e-93,2.373543231527022e-77
0.0049,7.581803633017047e-94,1.3782076809427646e-77
0.004905,4.1704243128892093e-94,7.996220288446989e-78
0.00491,2.292136726779813e-94,4.635615416229128e-78
0.004915,1.2587902209869206e-94,2.6852369298281346e-78
0.00492,6.907466149900856e-95,1.5542124683030556e-78
0.004925,3.787361278345498e-95,8.988572596624792e-79
0.00493,2.074948243856617e-95,5.1942594251863034e-79
0.004935,1.1358745437022745e-95,2.999225411261099e-79
0.00494,6.213066888882605e-96,1.7304025323154576e-79
0.004945,3.3957386375865015e-96,9.975570479595429e-80
0.00495,1.854449655394446e-96,5.746202214033957e-80
0.004955,1.0119251816732207e-96,3.3073231694727903e-80
0.00496,5.517398134048233e-97,1.9020631245364785e-80
0.004965,3.005888094642545e-97,1.0930141466627562e-80
0.00497,1.636303492719954e-97,6.275946090651745e-81
0.004975,8.900357901969972e-98,3.6006855038517335e-81
0.00498,4.837306977658979e-98,2.0641618186843194e-81
0.004985,2.626953534728429e-98,1.1823739565785398e-81
0.00499,1.425455610996746e-98,6.767348379646057e-82
0.004995,7.728719915157985e-99,3.870212201879881e-82
0.005,4.18710647226021e-99,2.211584745727191e-82
0.005005,2.266590188615651e-99,1.2627720423769791e-82
0.00501,1.2259833409563988e-99,7.204417871104522e-83
0.005015,6.625958289976401e-100,4.107006555127008e-83
0.00502,3.578206422690622e-100,2.3393998709239278e-83
0.005025,1.9307882559149845e-100,1.331484427915946e-83
0.00503,1.0410137614058372e-100,7.5721687871114805e-84
0.005035,5.608295094464415e-101,4.302858305391425e-84
0.00504,3.018963121806255e-101,2.4431288271303318e-84
0.005045,1.6238178951918896e-101,1.3860798681754335e-84
0.00505,8.727088958509006e-102,7.857469570775346e-85
0.005055,4.686558549150073e-102,4.450714375204323e-85
0.00506,2.5147293789113464e-102,2.5190065989755398e-85
0.005065,1.3482829062966803e-102,1.424562311972681e-85
0.00507,7.223095649060154e-103,8.04981983183697e-86
0.005075,3.8665022536699057e-103,4.545099911162109e-86
0.00508,2.068072377043962e-103,2.564208130848203e-86
0.005085,1.1052633377365611e-103,1.4454919450712513e-86
0.00509,5.902260309973931e-104,8.141991474964082e-87
0.005095,3.149368786748029e-104,4.582454644032922e-87
0.0051,1.6791180985818448e-104,2.577022861610407e-87
0.005105,8.945230399018639e-105,1.4480745870575803e-87
0.00511,4.761616162686916e-105,8.130479460319357e-88
0.005115,2.53261865070396e-105,4.5613557641219587e-88
0.00512,1.3459774448674167e-105,2.556962155966082e-88
0.005125,7.147568533218447e-106,1.432211704615144e-88
0.00513,3.792551077781678e-106,8.015723009351623e-89
0.005135,2.0107455363767867e-106,4.4826078615739034e-89
0.00514,1.065210288421166e-106,2.5047902262740826e-89
0.005145,5.638533383158644e-107,1.3985066503923528e-89
0.00515,2.982287608598124e-107,7.80207779361068e-90
0.005155,1.576106123760998e-107,4.349192005640525e-90
0.00516,8.32288613778747e-108,2.4224758168728943e-90
0.005165,4.391521511959655e-108,1.3482265767632562e-90
0.00517,2.315307295057591e-108,7.497541561538849e-91
0.005175,1.219705073199299e-108,4.166078455572337e-91
0.00518,6.420274320905483e-109,2.3130689093736087e-91
0.005185,3.3767966133493485e-109,1.2832233761156924e-91
0.00519,1.774633955194854e-109,7.113257297900765e-92
0.005195,9.318912514499362e-110,3.939919406927216e-92
0.0052,4.8896102926802293e-110,2.1805132132275795e-92
0.005205,2.5635147657707596e-110,1.2058205240154003e-92
0.00521,1.3429194510951506e-110,6.6628369411925125e-93
0.005215,7.029374306766833e-111,3.678648248780737e-93
0.00522,3.676511590439286e-111,2.029410508538921e-93
0.005225,1.921355702435086e-111,1.1186754606106477e-93
0.00523,1.0033031419463676e-111,6.161562845143908e-94
0.005235,5.234908984530439e-112,3.391018958627405e-94
0.00524,2.7292207390645315e-112,1.8647564485795574e-94
0.005245,1.421741873792003e-112,1.0246288546496595e-94
0.00525,7.400403688420299e-113,5.6255321439690826e-95
0.005255,3.848953210210311e-113,3.0861228037870116e-95
0.00526,2.0002414225396524e-113,1.6916688839837007e-95
0.005265,1.0386632514024565e-113,9.265526083904541e-96
0.00527,5.38914265906868e-114,5.070810364217251e-96
0.005275,2.7939405351036157e-114,2.772919232971805e-96
0.00528,1.4473287907652988e-114,1.5151290850456326e-96
0.005285,7.4915176752045085e-115,8.272077882985493e-97
0.00529,3.874583102372011e-115,4.5126552747151854e-97
0.005295,2.0023164537336927e-115,2.4598139892915106e-97
0.0053,1.0339344752007173e-115,1.3397536221307902e-97
0.005305,5.334649388776531e-116,7.291219572835992e-98
0.00531,2.7502445367886646e-116,3.96486111198579e-98
0.005315,1.4167372220954584e-116,2.154310730956954e-98
0.00532,7.29222167801422e-117,1.1696105451107447e-98
0.005325,3.750446588609727e-117,6.3449290493250356e-99
0.00533,1.9273414954688893e-117,3.439258579582353e-99
0.005335,9.896620641408706e-118,1.862753778615651e-99
0.00534,5.0777081904466005e-118,1.0080884551905665e-99
0.005345,2.6031615389561033e-118,5.451228586352246e-100
0.00535,1.3334817110064973e-118,2.9453893395813364e-100
0.005355,6.825360151815983e-119,1.5901701323061858e-100
0.00536,3.49073311529053e-119,8.578217187911171e-101
0.005365,1.783858014148962e-119,4.623842664521756e-101
0.00537,9.10870183458167e-120,2.4903570778457607e-101
0.005375,4.647348625131249e-120,1.3402097143349173e-101
0.00538,2.3692265116915408e-120,7.206700353613071e-102
0.005385,1.2068699648907055e-120,3.872154993578588e-102
0.00539,6.142807970663394e-121,2.0788423950520034e-102
0.005395,3.124107456576013e-121,1.1151748379397277e-102
0.0054,1.5875870662516177e-121,5.977463361564783e-103
0.005405,8.061237291304023e-122,3.201425857204239e-103
0.00541,4.0899539936336906e-122,1.7132570919388508e-103
0.005415,2.0734220118515253e-122,9.161238563804678e-104
0.00542,1.050290775442426e-122,4.894838996073449e-104
0.005425,5.3159876330537665e-123,2.6132153132666714e-104
0.00543,2.688505548758705e-123,1.3940056758168429e-104
0.005435,1.3585964541177742e-123,7.43030179934814e-105
0.00544,6.859975755028852e-124,3.9573178173387336e-105
0.005445,3.46104502614705e-124,2.1059495897377902e-105
0.00545,1.7447952976085448e-124,1.1198183413498535e-105
0.005455,8.788895067795541e-125,5.949764089349308e-106
0.00546,4.4236080638802404e-125,3.158671633023942e-106
0.005465,2.224700575618196e-125,1.6755669237008478e-106
0.00547,1.1179414471111511e-125,8.881199821554548e-107
0.005475,5.613311104509785e-126,4.7036399334968526e-107
0.00548,2.8162534190323948e-126,2.4891384906462573e-107
0.005485,1.41181215210396e-126,1.3161840291638239e-107
0.00549,7.071876437629376e-127,6.954032839125929e-108
0.005495,3.5395249378566113e-127,3.671211644375521e-108
0.0055,1.7701409681931476e-127,1.9365765628575595e-108
0.005505,8.845518495920454e-128,1.0207337749945296e-108
0.00551,4.4166328749881247e-128,5.375797036628422e-109
0.005515,2.2034939936100125e-128,2.8289534819625355e-109
0.00552,1.0984619192677064e-128,1.487514860894208e-109
0.005525,5.471554189491995e-129,7.815367141891902e-110
0.00553,2.7232591296265073e-129,4.10289138862167e-110
0.005535,1.354315335417417e-129,2.152202942306129e-110
0.00554,6.729815971475057e-130,1.1280516509748138e-110
0.005545,3.3414821479987934e-130,5.907820814399315e-111
0.00555,1.657782941217882e-130,3.0915637624629202e-111
0.005555,8.218049483272223e-131,1.6165221732130588e-111
0.00556,4.070637244943048e-131,8.445739625448824e-112
0.005565,2.0146917884310312e-131,4.4090627030885735e-112
0.00557,9.96339607400757e-132,2.2998919139289076e-112
0.005575,4.923327639779377e-132,1.1987293585075772e-112
0.00558,2.4308751051483337e-132,6.242915000893569e-113
0.005585,1.1992759321007304e-132,3.248674999922529e-113
0.00559,5.911914635946165e-133,1.6891867851079191e-113
0.005595,2.9119891695871485e-133,8.776101722346359e-114
0.0056,1.4331904997934729e-133,4.5559419946989555e-114
0.005605,7.048077167465254e-134,2.363237057819036e-114
0.00561,3.463298657378145e-134,1.224867057815141e-114
0.005615,1.7004419209039009e-134,6.343415887463846e-115
0.00562,8.342308114448291e-135,3.2825396517702472e-115
0.005625,4.0894340936891486e-135,1.6972637692840644e-115
0.00563,2.0030544964893745e-135,8.768822210905282e-116
0.005635,9.803358425095192e-136,4.526742110535756e-116
0.00564,4.794127301864785e-136,2.3349780715161917e-116
0.005645,2.342592815461918e-136,1.2034621163685143e-116
0.00565,1.1437645094761028e-136,6.1977578705108634e-117
0.005655,5.579933077649178e-137,3.1892557834576304e-117
0.00566,2.720031469024149e-137,1.639821825353889e-117
0.005665,1.32486440241566e-137,8.424740594981004e-118
0.00567,6.447947583506881e-138,4.32482936251258e-118
0.005675,3.135625083008888e-138,2.2183699864307386e-118
0.00568,1.523629335331864e-138,1.1369766588607865e-118
0.005685,7.39753597978464e-139,5.822663358753037e-119
0.00569,3.588784751004143e-139,2.9795067862372815e-119
0.005695,1.739643665636016e-139,1.5234199565010683e-119
0.0057,8.426083405121625e-140,7.783007813062103e-120
0.005705,4.077967606800918e-140,3.973085003271485e-120
0.00571,1.9720337987989755e-140,2.026566277265871e-120
0.005715,9.528784405751663e-141,1.0328715871801681e-120
0.00572,4.6005866211968454e-141,5.259983894345105e-121
0.005725,2.2194301824777872e-141,2.676548161326344e-121
0.00573,1.0698486127412911e-141,1.3608751219536908e-121
0.005735,5.152947673402583e-142,6.913756052995634e-122
0.00574,2.4799430132186628e-142,3.509638560037784e-122
0.005745,1.1925599893369295e-142,1.7801774633174439e-122
0.00575,5.730220477295605e-143,9.022289717629041e-123
0.005755,2.751154589700881e-143,4.569017308502851e-123
0.00576,1.3198094116139353e-143,2.3119657826794348e-123
0.005765,6.326449008908705e-144,1.1689409299720208e-123
0.00577,3.030130740772506e-144,5.905494825282812e-124
0.005775,1.4501578811066103e-144,2.9810728240951205e-124
0.00578,6.934605686559435e-145,1.5036315926329977e-124
0.005785,3.313453040774619e-145,7.57814416685815e-125
0.00579,1.5819488352698453e-145,3.816250273787606e-125
0.005795,7.546691736846086e-146,1.9202748691514672e-125
0.0058,3.597272622050044e-146,9.654782899368525e-126
0.005805,1.7133364673928984e-146,4.850362429083914e-126
0.00581,8.15388401244671e-147,2.434772760014118e-126
0.005815,3.877385345081939e-147,1.2212237500369947e-126
0.00582,1.842323806331741e-147,6.120467746667433e-127
0.005825,8.746726120251276e-148,3.0649722723249295e-127
0.00583,4.1493269457233356e-148,1.5336316078958354e-127
0.005835,1.966809734597103e-148,7.667753022361838e-128
0.00584,9.315359208324529e-149,3.8306083005562095e-128
0.005845,4.4084856141421305e-149,1.912141113029729e-128
0.00585,2.0846435866775143e-149,9.537283617325529e-129
0.005855,9.84978530655693e-150,4.753155478657475e-129
0.00586,4.650228347228988e-150,2.3669653905800745e-129
0.005865,2.1936854690701767e-150,1.1777533803682446e-129
0.00587,1.0340153886934475e-150,5.855572674699088e-130
0.005875,4.870036433697031e-151,2.9089546847267357e-130
0.00588,2.2918700155019944e-151,1.4439664437202597e-130
0.005885,1.0777060470252516e-151,7.161925681726651e-131
0.00589,5.063644653715731e-152,3.549401134585391e-131
0.005895,2.3772709687255924e-152,1.7576521183329132e-131
0.0059,1.1151844805630286e-152,8.69687693101769e-132
0.005905,5.227178267658011e-153,4.2997805553939405e-132
0.00591,2.4481637921579466e-153,2.124133570639765e-132
0.005915,1.1456875505734194e-153,1.0485035821098871e-132
0.00592,5.357281680617907e-154,5.1714291453820104e-133
0.005925,2.5030834802407603e-154,2.5486124676947352e-133
0.00593,1.168580811156291e-154,1.2550169528781298e-133
0.005935,5.4512328292429924e-155,6.17515617539386e-134
0.00594,2.540874865497263e-155,3.035979702047699e-134
0.005945,1.183380441361497e-155,1.4914281841893472e-134
0.00595,5.507037849786218e-156,7.320797475281988e-135
0.005955,2.5607330110695416e-156,3.590599810758281e-135
0.00596,1.189770244485872e-156,1.7596576388547818e-135
0.005965,5.523501430324694e-157,8.61671877575131e-136
0.00597,2.5622317164127122e-157,4.216073985146188e-136
0.005975,1.1876128804334372e-157,2.061233025371866e-136
0.00598,5.500269380308025e-158,1.0069282497859921e-136
0.005985,2.5453387262592847e-158,4.91498869128126e-137
0.00599,1.1769547738577843e-158,2.3971713851210985e-137
0.005995,5.437841300052365e-159,1.1682296143783486e-137
0.006,2.510416884858796e-159,5.688659011352472e-138
0.006005,1.15802445311121e-159,2.767860241607894e-138
0.00601,5.3375527172007484e-160,1.3456464717653e-138
0.006015,2.4582111777874647e-160,6.536877720646562e-139
0.00602,1.1312244030052009e-160,3.172943286702029e-139
0.006025,5.201527582224227e-161,1.538887324500068e-139
0.00603,2.3898223076735773e-161,7.457682668580347e-140
0.006035,1.0971168370495114e-161,3.6112166283103166e-140
0.00604,5.032603482957448e-162,1.747252810182964e-140
0.006045,2.306668112850606e-162,8.447156067950848e-141
0.00605,1.0564040915988373e-162,4.080542008095145e-141
0.006055,4.834233255630128e-163,1.969598716345572e-141
0.00606,2.2104347174487246e-163,9.499269659542403e-142
0.006065,1.009904596600684e-163,4.577783448224758e-142
0.00607,4.610367755440099e-164,2.204310844142741e-142
0.006075,2.103019762377755e-164,1.0605789281953027e-142
0.00608,9.585255703133295e-165,5.098773449473209e-143
0.006085,4.365325339691907e-165,2.4492944676630277e-143
0.00609,1.9864703827558558e-165,1.1756251053703586e-143
0.006095,9.032337077957394e-166,5.638314107392895e-144
0.0061,4.103654069380833e-166,2.7019807190248824e-144
0.006105,1.862918753130674e-166,1.2938019136204866e-144
0.00611,8.45025179843624e-167,6.190217334678185e-145
0.006115,3.8299927346147815e-167,2.9593516189529895e-145
0.00612,1.7345180136778996e-167,1.4136431927374097e-145
0.006125,7.848962304528421e-168,6.74738680336688e-146
0.00613,3.5489365641537644e-168,3.2179846859417765e-146
0.006135,1.6033812263118053e-168,1.5335039642749152e-146
0.00614,7.238155621590687e-169,7.301942310376029e-147
0.006145,3.2649129219231953e-169,3.4741171273968663e-147
0.00615,1.471525707604203e-169,1.651593175022865e-147
0.006155,6.626995397103857e-170,7.845385116483251e-148
0.00616,2.982071476005794e-170,3.7237285908351505e-148
0.006165,1.3408246724569665e-170,1.7660147876464434e-148
0.00617,6.023910369781711e-171,8.368800532415266e-149
0.006175,2.7041923153691678e-171,3.962640391734991e-149
0.00618,1.212967631410672e-171,1.8748160888531955e-149
0.006185,5.436425156606616e-172,8.863091767130497e-150
0.00619,2.4346143622350235e-172,4.186628104666702e-150
0.006195,1.0894304512175446e-172,1.9760416196124534e-150
0.0062,4.871036740613439e-173,9.31923696515905e-151
0.006205,2.176185262067956e-173,4.391543477294055e-151
0.00621,9.71455449021175e-174,2.067790724871074e-151
0.006215,4.333137565214496e-174,9.728559594243417e-152
0.00622,1.9312328032949914e-174,4.5734408720452815e-152
0.006225,8.600413786766678e-175,2.1482764030949005e-152
0.00623,3.826983838863426e-175,1.0083001040886414e-152
0.006235,1.7015568909725456e-175,4.7287029192756624e-153
0.00624,7.559427122222569e-176,2.2158829357075953e-153
0.006245,3.355705651095338e-176,1.0375383545111109e-153
0.00625,1.4884402255644346e-176,4.854159827048328e-154
0.006255,6.596772424508108e-177,2.2692197130037352e-154
0.00626,2.92135388916834e-177,1.0599651536163244e-154
0.006265,1.2926751569439026e-177,4.947196866741343e-155
0.00627,5.715407485897805e-178,2.307168757314528e-155
0.006275,2.5249777795013284e-178,1.0751080053554579e-155
0.00628,1.1146037149730073e-178,5.005844949638126e-156
0.006285,4.916272831386861e-179,2.328923676946071e-156
0.00629,2.166726179862731e-179,1.082644024006004e-156
0.006295,9.54167565434267e-180,5.02884991389214e-157
0.0063,4.198535532773195e-180,2.3340181556836555e-157
0.006305,1.8459655030099998e-180,1.0824113812193554e-157
0.00631,8.109645925231745e-181,5.015717117025971e-158
0.006315,3.559858777397062e-181,2.3223425721353838e-158
0.00632,1.5614073179385792e-181,1.074415084022438e-158
0.006325,6.843089432871445e-182,4.966729119534553e-159
0.00633,2.9966828726396855e-182,2.2941479216595197e-159
0.006335,1.3112391871344807e-182,1.0588267956406478e-159
0.00634,5.732916529283135e-183,4.88293557666943e-160
0.006345,2.5045048762135203e-183,2.2500368449172846e-160
0.00635,1.0932530787607822e-183,1.035978708102168e-160
0.006355,4.768393649736839e-184,4.766115843416308e-161
0.00636,2.0781460077194607e-184,2.1909422109065066e-161
0.006365,9.049666565568084e-185,1.0063517720836914e-161
0.00637,3.93769127250553e-185,4.618716153346508e-162
0.006375,1.7119982350372335e-185,2.1180943175085922e-162
0.00638,7.437338128824624e-186,9.705588664555212e-163
0.006385,3.22837744854861e-186,4.443764468934563e-163
0.00639,1.40024376563716e-186,2.032978320075419e-163
0.006395,6.068418936749079e-187,9.293237299804838e-164
0.0064,2.6278467013577105e-187,4.244767141877676e-164
0.006405,1.1370434546992048e-187,1.9372839446281147e-164
0.00641,4.9159410119319327e-188,8.834566660943745e-165
0.006415,2.123678781438244e-188,4.025592305022731e-165
0.00642,9.166922445482965e-189,1.8328498609282856e-165
0.006425,3.953764983901601e-189,8.338281579904114e-166
0.00643,1.7039259179696774e-189,3.7903454002228815e-166
0.006435,7.337415814400399e-190,1.7216052656596002e-166
0.00644,3.157098401573397e-190,7.813415893503354e-167
0.006445,1.3573306926524079e-190,3.543242408576121e-167
0.00645,5.83090257942242e-191,1.6055112514028504e-167
0.006455,2.5028709961118115e-191,7.26906255038551e-168
0.00646,1.073479388722778e-191,3.28848619422975e-168
0.006465,4.600462756805753e-192,1.4865044180292788e-168
0.00647,1.9699803427637144e-192,6.714117697381522e-169
0.006475,8.428976255986867e-193,3.03015092510791e-169
0.00648,3.603631153040382e-193,1.3664449341133572e-169
0.006485,1.5394245186558378e-193,6.157048490337642e-170
0.00649,6.570963131187335e-194,2.7720788373942818e-170
0.006495,2.8025426200857205e-194,1.2470709000056877e-170
0.0065,1.1943400225039879e-194,5.605692585441437e-171
0.006505,5.085765251202762e-195,2.517792724035465e-171
0.00651,2.163900059566621e-195,1.129960430139536e-171
0.006515,9.19963616861918e-196,5.067095164402022e-172
0.00652,3.90801902758992e-196,2.2704265186673907e-172
0.006525,1.6588046783653954e-196,1.0165023922781e-172
0.00653,7.03536117781129e-197,4.547387082946247e-173
0.006535,2.981467699986507e-197,2.0326752864638172e-173
0.00654,1.2624854567706014e-197,9.07876248855239e-174
0.006545,5.341647480681611e-198,4.051705459202273e-174
0.00655,2.2582739646551084e-198,1.8067648919031502e-174
0.006555,9.539609471294131e-199,8.050409715830218e-175
0.00656,4.0265873885306604e-199,3.5841558765638513e-175
0.006565,1.6982288958821153e-199,1.594440652289782e-175
0.00657,7.156618849349904e-200,7.087325723721663e-176
0.006575,3.013506371808964e-200,3.147813483222927e-176
0.00658,1.2679113940029449e-200,1.3969734561780765e-176
0.006585,5.3303810900206645e-201,6.194694330251814e-177
0.00659,2.239134486746757e-201,2.7447587183473337e-177
0.006595,9.398415967824763e-202,1.2151811647894334e-177
0.0066,3.9416831506387327e-202,5.375643380208506e-178
0.006605,1.6518146877941954e-202,2.3761422411060086e-178
0.00661,6.916613380874423e-203,1.0494626439384874e-178
0.006615,2.8938648315543094e-203,4.631419267990344e-179
0.00662,1.2098054811947973e-203,2.0422729085538148e-179
0.006625,5.0536529943524835e-204,8.998415006897073e-180
0.00663,2.109346140975217e-204,3.961601851708173e-180
0.006635,8.79716731225854e-205,1.7427223359760984e-180
0.00664,3.665982735304578e-205,7.660165156922288e-181
0.006645,1.5264779780619673e-205,3.364345844933417e-181
0.00665,6.351016420553473e-206,1.4764396452713972e-181
0.006655,2.640270919698936e-206,6.474158498189355e-182
0.00666,1.0967466424076688e-206,2.8366354168510518e-182
0.006665,4.552151413393117e-207,1.2418704089782886e-182
0.00667,1.887902880496452e-207,5.4325233452187906e-183
0.006675,7.823393295116755e-208,2.374539990376409e-183
0.00668,3.239390038349012e-208,1.037074460534831e-183
0.006685,1.3402440429417563e-208,4.525774955888085e-184
0.00669,5.540603770356446e-209,1.97346093956691e-184
0.006695,2.288668357852344e-209,8.598380885891217e-185
0.0067,9.446288423781522e-210,3.7433237368245444e-185
0.006705,3.8957591795291556e-210,1.6283608843569957e-185
0.00671,1.605371571162809e-210,7.0777708713178034e-186
0.006715,6.610154306287754e-211,3.073936566605222e-186
0.00672,2.7195696873920405e-211,1.3339694009959203e-186
0.006725,1.1179988334363945e-211,5.784281210940379e-187
0.00673,4.5923509888720593e-212,2.5061409563558485e-187
0.006735,1.88486982021618e-212,1.0849610659594841e-187
0.00674,7.730012790713336e-213,4.693268253080591e-188
0.006745,3.167609441347877e-213,2.02856611348315e-188
0.00675,1.2969869590961246e-213,8.761037100674126e-189
0.006755,5.306304332029735e-214,3.7807193222868654e-189
0.00676,2.169208331823106e-214,1.6302188806783583e-189
0.006765,8.860596049853011e-215,7.023764876164547e-190
0.00677,3.6164059576245984e-215,3.02375483340877e-190
0.006775,1.474836844738962e-215,1.3006958382022546e-190
0.00678,6.009846032088604e-216,5.590588027650571e-191
0.006785,2.4470073698964807e-216,2.4009979763841925e-191
0.00679,9.955424275307295e-217,1.0303354969684382e-191
0.006795,4.047033819700535e-217,4.417922519619281e-192
0.0068,1.643866171722966e-217,1.8928233822222646e-192
0.006805,6.671886469299795e-218,8.103164467660111e-193
0.00681,2.705723422611581e-218,3.466185328893831e-193
0.006815,1.0964042724667472e-218,1.4814993664708823e-193
0.00682,4.4392602043237093e-219,6.327085815162776e-194
0.006825,1.7959864199569837e-219,2.699967547243535e-194
0.00683,7.260191226594585e-220,1.1512401508812765e-194
0.006835,2.932551417035836e-220,4.904851642550785e-195
0.00684,1.1835749789966855e-220,2.0880379526107166e-195
0.006845,4.773077434014717e-221,8.881850628369715e-196
0.00685,1.9233297483389306e-221,3.7750360766608324e-196
0.006855,7.743932918572601e-222,1.603213318604457e-196
0.00686,3.1154585679478826e-222,6.803213216285323e-197
0.006865,1.2523765933957181e-222,2.8846253563613336e-197
0.00687,5.030376240188013e-223,1.2221297486214053e-197
0.006875,2.01891744052319e-223,5.173658742550801e-198
0.00688,8.096348899285685e-224,2.1884206633368306e-198
0.006885,3.244235968374938e-224,9.249460434051563e-199
0.00689,1.2989373929933214e-224,3.9062007185382983e-199
0.006895,5.196567439738586e-225,1.6483342266679964e-199
0.0069,2.077291676246398e-225,6.950060130174104e-200
0.006905,8.297188530915454e-226,2.9280899356736915e-200
0.00691,3.3114408370344878e-226,1.2326302629410542e-200
0.006915,1.3205523017936485e-226,5.1848214455475824e-201
0.00692,5.261950729922089e-227,2.179151115391739e-201
0.006925,2.0950312838045098e-227,9.151524682299964e-202
0.00693,8.334639346716725e-228,3.8401848265328483e-202
0.006935,3.3131086313255656e-228,1.6101389785489852e-202
0.00694,1.315943078910137e-228,6.745702195671052e-203
0.006945,5.222652102681091e-229,2.823862391849198e-203
0.00695,2.0710837172568562e-229,1.181170139000584e-203
0.006955,8.206477363699308e-230,4.936668363535019e-204
0.00696,3.249140278044164e-230,2.0616171175013242e-204
0.006965,1.285383475295009e-230,8.602697151290293e-205
0.00697,5.0810038881386797e-231,3.586855008438816e-205
0.006975,2.0068684548830022e-231,1.4943267580239738e-205
0.00698,7.92028574563228e-232,6.220565812956674e-206
0.006985,3.123311917503277e-232,2.5874190402951e-206
0.00699,1.2306723148616497e-232,1.0753657855466062e-206
0.006995,4.845315573948673e-233,4.465789249534865e-207
0.007,1.9061376917415598e-233,1.8530741493119653e-207
0.007005,7.49271191549064e-234,7.683161032988068e-208
0.00701,2.942905828174497e-234,3.183021985106384e-208
0.007015,1.1549581814992523e-234,1.317625239441457e-208
0.00702,4.5290667213156656e-235,5.450002941006764e-209
0.007025,1.7746133410182977e-235,2.2524446743440516e-209
0.00703,6.947864337688449e-236,9.301737784980304e-210
0.007035,2.718012703282387e-236,3.838191304956719e-210
0.00704,1.062439475698722e-236,1.582492667134818e-210
0.007045,4.1496310048958027e-237,6.519425993769571e-211
0.00705,1.6194491854930513e-237,2.6836728811009677e-211
0.007055,6.315063695505335e-238,1.1038304236577417e-211
0.00706,2.4605982435171443e-238,4.536570940816735e-212
0.007065,9.579795722840738e-239,1.8629689546155378e-212
0.00707,3.7266992977595658e-239,7.644271320243815e-213
0.007075,1.448588453277768e-239,3.134145346856498e-213
0.00708,5.626239961823649e-240,1.2839695888429234e-213
0.007085,2.1834540032629196e-240,5.255849323663032e-214
0.00709,8.466860576097642e-241,2.1497286250793987e-214
0.007095,3.2806004000798605e-241,8.785711478825327e-215
0.0071,1.2700968039087318e-241,3.5877551706856077e-215
0.007105,4.913295415731358e-242,1.4639330831645836e-215
0.00711,1.899159742267515e-242,5.968596450036166e-216
0.007115,7.335043243685982e-243,2.4315083848134787e-216
0.00712,2.8307168225552466e-243,9.897645417746615e-217
0.007125,1.0915477469975981e-243,4.025692284627891e-217
0.00713,4.205732182297946e-244,1.6360697835650704e-217
0.007135,1.6191722579237054e-244,6.643786023492549e-218
0.00714,6.228694912008731e-245,2.695764898038725e-218
0.007145,2.3941625244958732e-245,1.0929516643038076e-218
0.00715,9.195233507198823e-246,4.427641627253075e-219
0.007155,3.5287790023292513e-246,1.7922415128182692e-219
0.00716,1.353127508530192e-246,7.248917673031413e-220
0.007165,5.184484139242198e-247,2.929559795341245e-220
0.00717,1.984837431732104e-247,1.1829983275321497e-220
0.007175,7.592711485478013e-248,4.773297014961793e-221
0.00718,2.9021604394128696e-248,1.9244443259757827e-221
0.007185,1.1084050669521773e-248,7.752554153257862e-222
0.00719,4.229881020275835e-249,3.120590844818962e-222
0.007195,1.6129108561341032e-249,1.2551089194596816e-222
0.0072,6.145329063591266e-250,5.0440405141925876e-223
0.007205,2.339550830256267e-250,2.0254815003127446e-223
0.00721,8.89963903208638e-251,8.127005619407425e-224
0.007215,3.3827107475685406e-251,3.2582574998202065e-224
0.00722,1.2847241821371834e-251,1.305247324124993e-224
0.007225,4.875369082024796e-252,5.224596846003352e-225
0.00723,1.848662634467024e-252,2.0896103981138473e-225
0.007235,7.004229893408866e-253,8.350844982135002e-226
0.00724,2.6516468603537067e-253,3.3346333363758808e-226
0.007245,1.0030522189414687e-253,1.3305105346379793e-226
0.00725,3.7912634590290145e-254,5.304459183541262e-227
0.007255,1.4318481131904274e-254,2.1130825851936414e-227
0.00726,5.40334256918606e-255,8.410937272812284e-228
0.007265,2.037420247494474e-255,3.345221518640981e-228
0.00727,7.67628865793564e-256,1.3294069163156544e-228
0.007275,2.889844947670346e-256,5.278901401599992e-229
0.00728,1.0870520771211058e-256,2.0945065909522072e-229
0.007285,4.08581523236415e-257,8.303715798476811e-230
0.00729,1.5344744466082293e-257,3.28939317074997e-230
0.007295,5.758285084628154e-258,1.3020020277336618e-230
0.0073,2.1591321718695757e-258,5.149441149762845e-231
0.007305,8.089428844090966e-259,2.034984483761884e-231
0.00731,3.0283708298709364e-259,8.03553264159881e-232
0.007315,1.1327988872715075e-259,3.1704492185536406e-232
0.00732,4.233983269904693e-260,1.2499121729082093e-232
0.007325,1.581240851718847e-260,4.923690643879372e-233
0.00733,5.900644886076764e-261,1.9380036176638335e-233
0.007335,2.20015610426312e-261,7.622035600226157e-234
0.00734,8.197097055677614e-262,2.995297243320715e-234
0.007345,3.0515410968265793e-262,1.1761465665851929e-234
0.00735,1.1350916622049494e-262,4.6146155782047844e-235
0.007355,4.21886091807487e-263,1.8090983394448015e-235
0.00736,1.566794533196789e-263,7.086656567485239e-236
0.007365,5.814085996531116e-264,2.773787345699281e-236
0.00737,2.1557749402935056e-264,1.084819549296767e-236
0.007375,7.986894569935569e-265,4.239302504867293e-237
0.00738,2.9566849349404873e-265,1.655327297543483e-237
0.007385,1.0936659969734997e-265,6.458414441244467e-238
0.00739,4.042191973901446e-266,2.517795822436263e-238
0.007395,1.4928003406416587e-266,9.807711246305929e-239
0.0074,5.508572630949448e-267,3.8173976160994764e-239
0.007405,2.031089209632119e-267,1.484634981194818e-239
0.00741,7.482926548655711e-268,5.769318895192232e-240
0.007415,2.7546506588104324e-268,2.2401750970206084e-240
0.00742,1.0132442367472559e-268,8.691444266277261e-241
0.007425,3.724039842796601e-269,3.369414950562709e-241
0.00743,1.3676250904471532e-269,1.3051776008482026e-241
0.007435,5.018481935130311e-270,5.051696952869411e-242
0.00744,1.840052587317716e-270,1.9536984497343897e-242
0.007445,6.741253662306203e-271,7.549711194210495e-243
0.00745,2.4677642470726546e-271,2.915115116510302e-243
0.007455,9.026496767340683e-272,1.1246921008986156e-243
0.00746,3.299038307170789e-272,4.3357491218043617e-244
0.007465,1.2047808348381042e-272,1.6701182012257206e-244
0.00747,4.39623912128486e-273,6.428103158784733e-245
0.007475,1.6029025779072898e-273,2.4721284398037076e-245
0.00748,5.839632440485547e-274,9.49974151310351e-246
0.007485,2.1257709216684907e-274,3.6475823894722536e-246
0.00749,7.732144756513598e-275,1.3994294097625881e-246
0.007495,2.810192396705139e-275,5.364749492541078e-247
0.0075,1.0205274650647114e-275,2.0549462298506822e-247
0.007505,3.703103959392609e-276,7.86509625691817e-248
0.00751,1.3426402921000889e-276,3.007877784403402e-248
0.007515,4.864139392423036e-277,1.1493939173749115e-248
0.00752,1.760779253798246e-277,4.3886421239670667e-249
0.007525,6.368781911171141e-278,1.6743413567104525e-249
0.00753,2.3017619508161752e-278,6.382787799360182e-250
0.007535,8.312219448779747e-279,2.4312486207051347e-250
0.00754,2.999343170579458e-279,9.253390769773074e-251
0.007545,1.081403774370824e-279,3.519046436044313e-251
0.00755,3.8958494696632334e-280,1.337216285183323e-251
0.007555,1.4023906879904377e-280,5.077277268065185e-252
0.00756,5.044155136196828e-281,1.9262500758965074e-252
0.007565,1.8128439239260465e-281,7.302087309178137e-253
0.00757,6.510059529782042e-282,2.7658838492607473e-253
0.007575,2.33594207314873e-282,1.0468233945387975e-253
0.00758,8.375133575235828e-283,3.958817355421244e-254
0.007585,3.0003642367028577e-283,1.4959258802559028e-254
0.00759,1.0740111311145315e-283,5.648163375532963e-255
0.007595,3.841458529442917e-284,2.1308701683456966e-255
0.0076,1.372891070145408e-284,8.032658298211812e-256
0.007605,4.902623873517789e-285,3.025618456541652e-256
0.00761,1.7493376189959586e-285,1.1387321780616983e-256
0.007615,6.236935603124295e-286,4.282344380235232e-257
0.00762,2.2218843433859333e-286,1.6091411863114488e-257
0.007625,7.909047828277633e-287,6.041701665810544e-258
0.00763,2.813063394485034e-287,2.266610865428395e-258
0.007635,9.99740765782451e-288,8.496640057627237e-259
0.00764,3.550159357214871e-288,3.182511923456758e-259
0.007645,1.2596818114826489e-288,1.1910923151750127e-259
0.00765,4.466079338058636e-289,4.4542375032801404e-260
0.007655,1.582138771982709e-289,1.664385341492388e-260
0.00766,5.600351392822667e-290,6.214224783267069e-261
0.007665,1.980790507334685e-290,2.3183158237058165e-261
0.00767,7.000263357294774e-291,8.641931205494958e-262
0.007675,2.47196761179506e-291,3.2188561933481976e-262
0.00768,8.722153750373248e-292,1.1979671480564841e-262
0.007685,3.07508598605544e-292,4.454929206447422e-263
0.00769,1.0832865590491481e-292,1.655347853269374e-263
0.007695,3.813133492661839e-293,6.145968036419122e-264
0.0077,1.341137261735905e-293,2.2800474701293713e-264
0.007705,4.713212412746893e-294,8.451816223586788e-265
0.00771,1.6550585455097987e-294,3.130464374401296e-265
0.007715,5.807139697221579e-295,1.1585640564935884e-265
0.00772,2.035934260194886e-295,4.2843397191804785e-266
0.007725,7.132106047358805e-296,1.5830707111359756e-266
0.00773,2.4964587702185717e-296,5.8447951190402646e-267
0.007735,8.731393642696035e-297,2.156208902625846e-267
0.00774,3.0513730270213346e-297,7.948129635070654e-268
0.007745,1.0655150835654962e-297,2.927464338783162e-268
0.00775,3.717718183098476e-298,1.0773848127466945e-268
0.007755,1.2961220334501743e-298,3.9618921545430235e-269
0.00776,4.5151053267047766e-299,1.4557507223681726e-269
0.007765,1.5716015287513014e-299,5.3447075107311964e-270
0.00777,5.4659991997351355e-300,1.960710330185022e-270
0.007775,1.8995435258680004e-300,7.187129909462023e-271
0.00778,6.596012946167045e-301,2.6323893028443407e-271
0.007785,2.2885811355838947e-301,9.633792858954378e-272
0.00779,7.934210028935207e-302,3.52287355325626e-272
0.007795,2.748486675581285e-302,1.28720989891275e-272
0.0078,9.51340845756463e-303,4.699528102389557e-273
0.007805,3.290267560159058e-303,1.714398173738342e-273
0.00781,1.1370481400585719e-303,6.249160863675462e-274
0.007815,3.926259977411357e-304,2.2760629929451615e-274
0.00782,1.3546647134181644e-304,8.283224176630721e-275
0.007825,4.670217943340358e-305,3.0120842648258266e-275
0.00783,1.6087740126069666e-305,1.0944284745027116e-275
0.007835,5.537394956601705e-306,3.973381037226666e-276
0.00784,1.9044453901197627e-306,1.4414036257053362e-276
0.007845,6.544615117502318e-307,5.224726604083407e-277
0.00785,2.247254522037174e-307,1.8923178851137417e-277
0.007855,7.71033023260499e-308,6.848211784927697e-278
0.00786,2.6432988065274956e-308,2.476354613539367e-278
0.007865,9.05465911623951e-309,8.947486527171607e-279
0.00787,3.09920650122329e-309,3.2302923949588955e-279
0.007875,1.059940503788276e-309,1.1652931169375434e-279
0.00788,3.62213828429686e-310,4.200307558769035e-280
0.007885,1.23680470673657e-310,1.512793211362426e-280
0.00789,4.219779873045e-311,5.444156566745337e-281
0.007895,1.438570094454e-311,1.9576462209193306e-281
0.0079,4.90032432771e-312,7.033805884133125e-282
0.007905,1.667904517513e-312,2.525219366749972e-282
0.00791,5.67244260866e-313,9.05858593327566e-283
0.007915,1.9276208107e-313,3.2469400503742093e-283
0.00792,6.5452420517e-314,1.1628955165080175e-283
0.007925,2.2206608067e-314,4.161593787362256e-284
0.00793,7.528193195e-315,1.4880970006020356e-284
0.007935,2.550075726e-315,5.316861660556588e-285
0.00794,8.6311356e-316,1.8981566212019893e-285
0.007945,2.91890663e-316,6.771132187103037e-286
0.00795,9.8639277e-317,2.413476668162063e-286
0.007955,3.330367e-317,8.595625420824035e-287
0.00796,1.12337e-317,3.058893966730084e-287
0.007965,3.788723e-318,1.0876869767492023e-287
0.00797,1.27174e-318,3.864523910795412e-288
0.007975,4.23913e-319,1.3719574213751739e-288
0.00798,1.32474e-319,4.86673649306397e-289
0.007985,5.299e-320,1.7249940269381587e-289
0.00799,2.6497e-320,6.1092784983034e-290
0.007995,0.0,2.1619458676782498e-290
0.008,0.0,7.644556101682115e-291
0.008005,0.0,2.700923560109425e-291
0.00801,0.0,9.535091801160078e-292
0.008015,0.0,3.3634891303013313e-292
0.00802,0.0,1.185516881986216e-292
0.008025,0.0,4.17520709142542e-293
0.00803,0.0,1.4692674743324573e-293
0.008035,0.0,5.166260156647041e-294
0.00804,0.0,1.8151154106006248e-294
0.008045,0.0,6.372132244264286e-295
0.00805,0.0,2.2352076807790644e-295
0.008055,0.0,7.834360400082737e-296
0.00806,0.0,2.743732552412319e-296
0.008065,0.0,9.601355935541064e-297
0.00807,0.0,3.357190057863542e-297
0.008075,0.0,1.1729293430877022e-297
0.00808,0.0,4.094683499338522e-298
0.008085,0.0,1.4283064257830795e-298
0.00809,0.0,4.978230555574989e-299
0.008095,0.0,1.733728891941854e-299
0.0081,0.0,6.033091770524967e-300
0.008105,0.0,2.0977379778283805e-300
0.00811,0.0,7.2881132841245195e-301
0.008115,0.0,2.5300642654014918e-301
0.00812,0.0,8.77607963187645e-302
0.008125,0.0,3.04174023316922e-302
0.00813,0.0,1.0534071301603512e-302
0.008135,0.0,3.645213327276068e-303
0.00814,0.0,1.2603820505807276e-303
0.008145,0.0,4.3544572807929566e-304
0.00815,0.0,1.5032057326546559e-304
0.008155,0.0,5.185078989181955e-305
0.00816,0.0,1.7870837042543653e-305
0.008165,0.0,6.154417820515744e-306
0.00817,0.0,2.1177838088824877e-306
0.008175,0.0,7.281633811792076e-307
0.00818,0.0,2.5016618767514515e-307
0.008185,0.0,8.587780791551238e-308
0.00819,0.0,2.945681957226955e-308
0.008195,0.0,1.009586008974484e-308
0.0082,0.0,3.457429686085788e-309
0.008205,0.0,1.183085016656294e-309
0.00821,0.0,4.0451172671092e-310
0.008215,0.0,1.38197072319954e-310
0.00822,0.0,4.717578478717e-311
0.008225,0.0,1.609133175324e-311
0.00823,0.0,5.4842520766e-312
0.008235,0.0,1.86764957306e-312
0.00824,0.0,6.35515194224e-313
0.008245,0.0,2.16077259163e-313
0.00825,0.0,7.340822719e-314
0.008255,0.0,2.4919140373e-314
0.00826,0.0,8.452284785e-315
0.008265,0.0,2.864620233e-315
0.00827,0.0,9.70091497e-316
0.008275,0.0,3.28256563e-316
0.00828,0.0,1.10990316e-316
0.008285,0.0,3.7498095e-317
0.00829,0.0,1.265362e-317
0.008295,0.0,4.26608e-318
0.0083,0.0,1.43167e-318
0.008305,0.0,4.91684e-319
0.00831,0.0,1.59074e-319
0.008315,0.0,5.7845e-320
0.00832,0.0,1.446e-320
0.008325,0.0,0.0
0.00833,0.0,0.0
0.008335,0.0,0.0
0.00834,0.0,0.0
0.008345,0.0,0.0
0.00835,0.0,0.0
0.008355,0.0,0.0
0.00836,0.0,0.0
0.008365,0.0,0.0
0.00837,0.0,0.0
0.008375,0.0,0.0
0.00838,0.0,0.0
0.008385,0.0,0.0
0.00839,0.0,0.0
0.008395,0.0,0.0
0.0084,0.0,0.0
0.008405,0.0,0.0
0.00841,0.0,0.0
0.008415,0.0,0.0
0.00842,0.0,0.0
0.008425,0.0,0.0
0.00843,0.0,0.0
0.008435,0.0,0.0
0.00844,0.0,0.0
0.008445,0.0,0.0
0.00845,0.0,0.0
0.008455,0.0,0.0
0.00846,0.0,0.0
0.008465,0.0,0.0
0.00847,0.0,0.0
0.008475,0.0,0.0
0.00848,0.0,0.0
0.008485,0.0,0.0
0.00849,0.0,0.0
0.008495,0.0,0.0
0.0085,0.0,0.0
0.008505,0.0,0.0
0.00851,0.0,0.0
0.008515,0.0,0.0
0.00852,0.0,0.0
0.008525,0.0,0.0
0.00853,0.0,0.0
0.008535,0.0,0.0
0.00854,0.0,0.0
0.008545,0.0,0.0
0.00855,0.0,0.0
0.008555,0.0,0.0
0.00856,0.0,0.0
0.008565,0.0,0.0
0.00857,0.0,0.0
0.008575,0.0,0.0
0.00858,0.0,0.0
0.008585,0.0,0.0
0.00859,0.0,0.0
0.008595,0.0,0.0
0.0086,0.0,0.0
0.008605,0.0,0.0
0.00861,0.0,0.0
0.008615,0.0,0.0
0.00862,0.0,0.0
0.008625,0.0,0.0
0.00863,0.0,0.0
0.008635,0.0,0.0
0.00864,0.0,0.0
0.008645,0.0,0.0
0.00865,0.0,0.0
0.008655,0.0,0.0
0.00866,0.0,0.0
0.008665,0.0,0.0
0.00867,0.0,0.0
0.008675,0.0,0.0
0.00868,0.0,0.0
0.008685,0.0,0.0
0.00869,0.0,0.0
0.008695,0.0,0.0
0.0087,0.0,0.0
0.008705,0.0,0.0
0.00871,0.0,0.0
0.008715,0.0,0.0
0.00872,0.0,0.0
0.008725,0.0,0.0
0.00873,0.0,0.0
0.008735,0.0,0.0
0.00874,0.0,0.0
0.008745,0.0,0.0
0.00875,0.0,0.0
0.008755,0.0,0.0
0.00876,0.0,0.0
0.008765,0.0,0.0
0.00877,0.0,0.0
0.008775,0.0,0.0
0.00878,0.0,0.0
0.008785,0.0,0.0
0.00879,0.0,0.0
0.008795,0.0,0.0
0.0088,0.0,0.0
0.008805,0.0,0.0
0.00881,0.0,0.0
0.008815,0.0,0.0
0.00882,0.0,0.0
0.008825,0.0,0.0
0.00883,0.0,0.0
0.008835,0.0,0.0
0.00884,0.0,0.0
0.008845,0.0,0.0
0.00885,0.0,0.0
0.008855,0.0,0.0
0.00886,0.0,0.0
0.008865,0.0,0.0
0.00887,0.0,0.0
0.008875,0.0,0.0
0.00888,0.0,0.0
0.008885,0.0,0.0
0.00889,0.0,0.0
0.008895,0.0,0.0
0.0089,0.0,0.0
0.008905,0.0,0.0
0.00891,0.0,0.0
0.008915,0.0,0.0
0.00892,0.0,0.0
0.008925,0.0,0.0
0.00893,0.0,0.0
0.008935,0.0,0.0
0.00894,0.0,0.0
0.008945,0.0,0.0
0.00895,0.0,0.0
0.008955,0.0,0.0
0.00896,0.0,0.0
0.008965,0.0,0.0
0.00897,0.0,0.0
0.008975,0.0,0.0
0.00898,0.0,0.0
0.008985,0.0,0.0
0.00899,0.0,0.0
0.008995,0.0,0.0
0.009,0.0,0.0
0.009005,0.0,0.0
0.00901,0.0,0.0
0.009015,0.0,0.0
0.00902,0.0,0.0
0.009025,0.0,0.0
0.00903,0.0,0.0
0.009035,0.0,0.0
0.00904,0.0,0.0
0.009045,0.0,0.0
0.00905,0.0,0.0
0.009055,0.0,0.0
0.00906,0.0,0.0
0.009065,0.0,0.0
0.00907,0.0,0.0
0.009075,0.0,0.0
0.00908,0.0,0.0
0.009085,0.0,0.0
0.00909,0.0,0.0
0.009095,0.0,0.0
0.0091,0.0,0.0
0.009105,0.0,0.0
0.00911,0.0,0.0
0.009115,0.0,0.0
0.00912,0.0,0.0
0.009125,0.0,0.0
0.00913,0.0,0.0
0.009135,0.0,0.0
0.00914,0.0,0.0
0.009145,0.0,0.0
0.00915,0.0,0.0
0.009155,0.0,0.0
0.00916,0.0,0.0
0.009165,0.0,0.0
0.00917,0.0,0.0
0.009175,0.0,0.0
0.00918,0.0,0.0
0.009185,0.0,0.0
0.00919,0.0,0.0
0.009195,0.0,0.0
0.0092,0.0,0.0
0.009205,0.0,0.0
0.00921,0.0,0.0
0.009215,0.0,0.0
0.00922,0.0,0.0
0.009225,0.0,0.0
0.00923,0.0,0.0
0.009235,0.0,0.0
0.00924,0.0,0.0
0.009245,0.0,0.0
0.00925,0.0,0.0
0.009255,0.0,0.0
0.00926,0.0,0.0
0.009265,0.0,0.0
0.00927,0.0,0.0
0.009275,0.0,0.0
0.00928,0.0,0.0
0.009285,0.0,0.0
0.00929,0.0,0.0
0.009295,0.0,0.0
0.0093,0.0,0.0
0.009305,0.0,0.0
0.00931,0.0,0.0
0.009315,0.0,0.0
0.00932,0.0,0.0
0.009325,0.0,0.0
0.00933,0.0,0.0
0.009335,0.0,0.0
0.00934,0.0,0.0
0.009345,0.0,0.0
0.00935,0.0,0.0
0.009355,0.0,0.0
0.00936,0.0,0.0
0.009365,0.0,0.0
0.00937,0.0,0.0
0.009375,0.0,0.0
0.00938,0.0,0.0
0.009385,0.0,0.0
0.00939,0.0,0.0
0.009395,0.0,0.0
0.0094,0.0,0.0
0.009405,0.0,0.0
0.00941,0.0,0.0
0.009415,0.0,0.0
0.00942,0.0,0.0
0.009425,0.0,0.0
0.00943,0.0,0.0
0.009435,0.0,0.0
0.00944,0.0,0.0
0.009445,0.0,0.0
0.00945,0.0,0.0
0.009455,0.0,0.0
0.00946,0.0,0.0
0.009465,0.0,0.0
0.00947,0.0,0.0
0.009475,0.0,0.0
0.00948,0.0,0.0
0.009485,0.0,0.0
0.00949,0.0,0.0
0.009495,0.0,0.0
0.0095,0.0,0.0
0.009505,0.0,0.0
0.00951,0.0,0.0
0.009515,0.0,0.0
0.00952,0.0,0.0
0.009525,0.0,0.0
0.00953,0.0,0.0
0.009535,0.0,0.0
0.00954,0.0,0.0
0.009545,0.0,0.0
0.00955,0.0,0.0
0.009555,0.0,0.0
0.00956,0.0,0.0
0.009565,0.0,0.0
0.00957,0.0,0.0
0.009575,0.0,0.0
0.00958,0.0,0.0
0.009585,0.0,0.0
0.00959,0.0,0.0
0.009595,0.0,0.0
0.0096,0.0,0.0
0.009605,0.0,0.0
0.00961,0.0,0.0
0.009615,0.0,0.0
0.00962,0.0,0.0
0.009625,0.0,0.0
0.00963,0.0,0.0
0.009635,0.0,0.0
0.00964,0.0,0.0
0.009645,0.0,0.0
0.00965,0.0,0.0
0.009655,0.0,0.0
0.00966,0.0,0.0
0.009665,0.0,0.0
0.00967,0.0,0.0
0.009675,0.0,0.0
0.00968,0.0,0.0
0.009685,0.0,0.0
0.00969,0.0,0.0
0.009695,0.0,0.0
0.0097,0.0,0.0
0.009705,0.0,0.0
0.00971,0.0,0.0
0.009715,0.0,0.0
0.00972,0.0,0.0
0.009725,0.0,0.0
0.00973,0.0,0.0
0.009735,0.0,0.0
0.00974,0.0,0.0
0.009745,0.0,0.0
0.00975,0.0,0.0
0.009755,0.0,0.0
0.00976,0.0,0.0
0.009765,0.0,0.0
0.00977,0.0,0.0
0.009775,0.0,0.0
0.00978,0.0,0.0
0.009785,0.0,0.0
0.00979,0.0,0.0
0.009795,0.0,0.0
0.0098,0.0,0.0
0.009805,0.0,0.0
0.00981,0.0,0.0
0.009815,0.0,0.0
0.00982,0.0,0.0
0.009825,0.0,0.0
0.00983,0.0,0.0
0.009835,0.0,0.0
0.00984,0.0,0.0
0.009845,0.0,0.0
0.00985,0.0,0.0
0.009855,0.0,0.0
0.00986,0.0,0.0
0.009865,0.0,0.0
0.00987,0.0,0.0
0.009875,0.0,0.0
0.00988,0.0,0.0
0.009885,0.0,0.0
0.00989,0.0,0.0
0.009895,0.0,0.0
0.0099,0.0,0.0
0.009905,0.0,0.0
0.00991,0.0,0.0
0.009915,0.0,0.0
0.00992,0.0,0.0
0.009925,0.0,0.0
0.00993,0.0,0.0
0.009935,0.0,0.0
0.00994,0.0,0.0
0.009945,0.0,0.0
0.00995,0.0,0.0
0.009955,0.0,0.0
0.00996,0.0,0.0
0.009965,0.0,0.0
0.00997,0.0,0.0
0.009975,0.0,0.0
0.00998,0.0,0.0
0.009985,0.0,0.0
0.00999,0.0,0.0
0.009995,0.0,0.0
